AC_REG,LOG_SN,DATE,FLT_NUM,FROM,TO,REPORT_STA,PM,ATA,DEFECTS,ACTIONS,ENG1_OIL,ENG2_OIL,APU_OIL,IDG1_OIL,IDG2_OIL,G_HYD,B_HYD,Y_HYD,PART_DESC,PN_OFF,PN_ON,SN_OFF,SN_ON,POS/FIN,MEL REF,MEL CAT
PK-PWA,A0000101,2022-04-15,-,-,-,CGK,MAREP,,PERFORM DAILY CHECK,PERFORMED DAILY CHECK REF F.MNT.M.104,0,0,0,0,0,0,0,0,-,-,-,-,-,-,-,-
PK-PWA,A0000102,2022-04-16,-,-,-,CGK,MAREP,,ADM ACCURACY FUNCTIONAL TEST,ADM ACCURACY FUNCTIONAL TEST PER AMM 34-13-00-720-010-A CARRIED OUT WITH SATISFACTORY RESULT. VALUES WITHIN LIMIT. RII ACCEPTED,0,0,0,0,0,0,0,0,-,-,-,-,-,-,-,-
PK-PWA,A0000102,2022-04-16,-,-,-,CGK,MAREP,,PERFORM 24H CHECK,PERFORMED 24H CHECK PER FORM F.MNT.103,0,0,0,0,0,0,0,0,-,-,-,-,-,-,-,-
PK-PWA,A0000103,,,,,CGK,,,,,,,,,,,,,,,,,,,-,-
PK-PWA,A0000104,,,,,CGK,,,,,,,,,,,,,,,,,,,-,-
PK-PWA,A0000105,2022-04-18,-,-,-,CGK,MAREP,,PERFORM 24H CHECK,PERFORMED 24H CHECK PER FORM F.MNT.103,0,0,0,0,0,0,0,0,-,-,-,-,-,-,-,-
PK-PWA,A0000106,2022-04-19,-,-,-,CGK,MAREP,,INSTALL A/C DOCUMENT,"INSTALLATION OF CERTIFICATE OF AIRWORTHINESS, VALID UNTIL 17 APR 2023",0,0,0,0,0,0,0,0,-,-,-,-,-,-,-,-
PK-PWA,A0000106,2022-04-19,-,-,-,CGK,MAREP,,INSTALL A/C DOCUMENT,INSTALLATION OF NOISE CERTIFICATE ISSUED 18 APRIL 2022,0,0,0,0,0,0,0,0,-,-,-,-,-,-,-,-
PK-PWA,A0000107,,,,,CGK,,,,,,,,,,,,,,,-,,,,-,-
PK-PWA,A0000108,2022-04-20,-,-,-,CGK,MAREP,,PERFORM 24H CHECK,PERFORMED 24H CHECK PER FORM F.MNT.103,0,0,0,0,0,0,0,0,-,-,-,-,-,-,-,-
PK-PWA,A0000108,2022-04-20,-,-,-,CGK,MAREP,,FOUND LH TIP OUTBOARD FLAP RUBBING STRIPS,PERFORMED TEMPORARY REPAIR ON LH TIP OUTBOARD FLAP RUBBING STRIPS REF SRM 57-53-11 TASK 57-53-11-300-006. THIS TEMPORARY REPAIR MUST BE REPLACED BY A PERMANENT REPAIR WITHIN 200 FC. INSERTED INTO ASDCS.,0,0,0,0,0,0,0,0,-,-,-,-,-,-,-,-
PK-PWA,A0000109,,,,,CGK,,,,,,,,,,,,,,,-,,,,-,-
PK-PWA,A0000110,2022-04-22,-,-,-,CGK,MAREP,,REF TECHLOG SEQ F1120712 HIL F/CTL SLAT SYS 2 FAULT,REF TSM TASK 27-81-00-810-811 FOUND SFCC1 (21CV) FAULTY. REPLACED SFCC1 REF AMM 27-51-34-400-001. OPERATIONAL TEST OF THE FLAP AND SLAT SYSTEM REF AMM 27-54-00-710-002 WITH SATISFACTORY RESULT. HIL CLOSED.,0,0,0,0,0,0,0,0,-,-,-,-,-,-,-,-
PK-PWA,A0000110,2022-04-22,-,-,-,CGK,MAREP,,FWD RH ESCAPE SLIDE/RAFT SENT TO SHOP,REMOVAL OF FWD RH SLIDE RAFT TO SHOP PER AMM 25-62-44-400-802 OPERATIONAL TEST OF THE SLIDE RAFT REF AMM 25-62-44-710-062 WITH SASTISFACTORY RESULT. RII ACCEPTED.,0,0,0,0,0,0,0,0,-,-,-,-,-,-,-,-
PK-PWA,A0000111,2022-04-22,-,-,-,CGK,MAREP,,AFT RH DOOR SLIDE SEND TO SHOP,REMOVAL OF AFT RH SLIDE RAFT FOR SHOP PER AMM25-62-44-400-803. OPERATIONAL TEST OF THE SLIDE RAFT PER AMM 25-62-44-710-064 WITH SATISFACTORY RESULT. RII ACCEPTED.,0,0,0,0,0,0,0,0,-,-,-,-,-,-,-,-
PK-PWA,A0000111,2022-04-22,-,-,-,CGK,MAREP,,PERFORM 24H CHECK,PERFORMED 24H CHECK PER FORM F.MNT.103,0,0,0,0,0,0,0,0,-,-,-,-,-,-,-,-
PK-PWA,A0000112,2022-04-23,-,-,-,CGK,MAREP,,NAVIGATION DATABASE,"NDB EXPIRED ON 20-APR-22. NDB INSERTED TO HIL, DUE ON 30-APR-2022",0,0,0,0,0,0,0,0,-,-,-,-,-,-,-,-
PK-PWA,A0000112,2022-04-23,-,-,-,CGK,MAREP,,PERFORM BD CHECK,PERFORMED BD CHECK PER FORM F.MNT.M.102,0,0,0,0,0,0,0,0,-,-,-,-,-,-,-,-
PK-PWA,A0000113,2022-04-23,PK-PWA,CGK,DPS,DPS,PIREP,,FCTL SLAT SYS 2 FAULT,CHECK ON PFR CAPTURED SFCC - SLAT. IAW TSM 27-81-00-810-811 FOR T/S SFCC2 SWAPPED WITH SFCC1. DO THE OPERATIONAL TEST OF THE SLAT SYSTEM. NO FAULTS. AMM 27-84-00-710-001,2,3,0,0,0,0,0,0,-,-,-,-,-,-,-,-
PK-PWA,A0000113,2022-04-23,PK-PWA,DPS,CGK,CGK,MAREP,,PERFORM DAILY CHECK,PERFORMED DAILY CHECK REF F.MNT.M.104,0,0,0,0,0,0,0,0,-,-,-,-,-,-,-,-
PK-PWA,A0000114,2022-04-24,-,-,-,CGK,MAREP,,PERFORM BD CHECK,PERFORMED BD CHECK PER FORM F.MNT.M.102,0,0,0,0,0,0,0,0,-,-,-,-,-,-,-,-
PK-PWA,A0000115,,,,,CGK,,,,,,,,,,,,,,,,,,,-,-
PK-PWA,A0000116,2022-04-24,PK-PWA,KNO,CGK,CGK,PIREP,27,F/CTL SLAT SYS 1 FAULT INTERMITTENT DURING CRUISE,"REF AML SN A0000113, SFCC BACK TO ORIGINAL POSITION. REPLACED SFCC 2 REF AMM 27-51-34-000-001, 27-51-34-400-001. DO SFCC SLAT SYSTEM BITE TEST WITH GOOD RESULT, REF AMM 27-81-00-740-002.",0,0,0,0,0,0,0,0,SFCC,49-170-11,49-170-11,49-170-BA05738,49-170BA08684,2,-,-
PK-PWA,A0000116,2022-04-24,PK-PWA,KNO,CGK,CGK,PIREP,,SIMULATED BOTH FMGC MALFUNCTION DURING PROVING FLIGHT,DO AFS BITE TEST IAW AMM TASK 22-96-00-710-001 FOUND BOTH FMGC PASS (SIMULATED),0,0,0,0,0,0,0,0,-,-,-,-,-,-,-,-
PK-PWA,A0000117,2022-04-24,-,-,-,CGK,MAREP,,DURING 24H CHECK FOUND FWD RH DOOR DAMPER LOW PRESS,"SERVICING OF FWD RH DOOR DAMPER AND CHECK PRESSURE, GOOD RESULT. REF AMM 52-22-00-614-002",1,1,0,0,0,0,0,0,-,-,-,-,-,-,-,-
PK-PWA,A0000117,2022-04-24,-,-,-,CGK,MAREP,,PERFORM 24H CHECK,PERFORMED 24H CHECK PER FORM F.MNT.103,0,0,0,0,0,0,0,0,-,-,-,-,-,-,-,-
PK-PWA,A0000118,2022-04-25,-,-,-,CGK,MAREP,,PERFORM BD CHECK,PERFORMED BD CHECK PER FORM F.MNT.M.102,0,0,0,0,0,0,0,0,-,-,-,-,-,-,-,-
PK-PWA,A0000119,2022-04-25,PK-PWA,CGK,BDJ,BDJ,-,,-,-,0,0,0,0,0,0,0,0,-,-,-,-,-,-,-,-
PK-PWA,A0000120,2022-04-25,PK-PWA,BDJ,CGK,CGK,PIREP,0,SIMULATED START VALVE ENG1 FAULT,"DO PFR CHECK, NOT FOUND RELATED START VALVE MSG. DO OPERATIONAL FADEC TEST REF AMM 73-29-00-710-802. TEST RESULT OK. (SIMULATED)",0,0,0,0,0,0,0,0,-,-,-,-,-,-,-,-
PK-PWA,A0000121,,,,,CGK,,,,,,,,,,,,,,,-,,,,-,-
PK-PWA,A0000122,,,,,CGK,,,,,,,,,,,,,,,-,,,,-,-
PK-PWA,A0000123,2022-04-26,-,-,-,CGK,MAREP,25,FWD RH DOOR ESCAPE SLIDE RAFT SEND TO SHOP,REPLACED FWD RH ESCAPE SLIDE RAFT PER AMM 25-62-44-PB401. OPS TEST OF ESCAPE SLIDE PERFORMED REF AMM 25-62-44-710-064.,0,0,0,0,0,0,0,0,SLIDE RAFT,D30664-709,D30664-709,A7491RP,L25461,FWD RH,-,-
PK-PWA,A0000123,2022-04-26,-,-,-,CGK,MAREP,25,AFT RH DOOR SLIDE RAFT SEND TO SHOP,REPLACED AFT RH ESCAPE SLIDE RAFT FOR SEND TO SHOP REF AMM 25-62-55-PB401. OPS TEST OF ESCAPE FACILITIES REF AMM 25-62-44-710-064.,0,0,0,0,0,0,0,0,SLIDE RAFT,D30665-709,D30665-709,M8218,M8755,AFT RH,-,-
PK-PWA,A0000124,2022-04-26,-,-,-,CGK,MAREP,,FOUND INITIAL PRESS OF PARKING BRAKE ACCUMULATOR 600 PSI,DO SERVICING OF INITIAL PARKING BRAKE REF AMM 12-14-32-614-002. OPS CHECK OF PARKING BRAKE ACCY RESULT GOOD. REFER AMM 32-44-11-200-001,0,0,0,0,0,0,0,0,-,-,-,-,-,-,-,-
PK-PWA,A0000124,2022-04-26,-,-,-,CGK,MAREP,52,FOUND DOOR DAMPER FWD RH ZERO PRESSURE,"AFTER CHECK SUSPECT DIAPHRAGM WAS LEAKING. D/T NIL SPARE, INSERT TO HIL REF MEL 52-10-04 CAT D",0,0,0,0,0,0,0,0,-,-,-,-,-,-,52-10-04A,D
PK-PWA,A0000125,,,,,CGK,,,,,,,,,,,,,,,,,,,,
PK-PWA,A0000126,2022-04-27,-,-,-,CGK,MAREP,,DEMO EVAT EVENT 16 APR 2022: DEPLOYED 6EA CREW LIFE VEST AND 2EA PAX LIFE VEST,"COMPLETED THE 6EA CREW LIFE VEST AND 2EA PAX LIFE VEST.
PN 63600-501: L3970830, L4916782, L4916733, L4916734, L4916730, L4916781.
PN 63600-101: L5192457, L5218550",0,0,0,0,0,0,0,0,-,-,-,-,-,-,-,-
PK-PWA,A0000126,2022-04-27,-,-,-,CGK,MAREP,,PERFORM DAILY CHECK,PERFORMED DAILY CHECK REF F.MNT.M.104,0,0,0,0,0,0,0,0,-,-,-,-,-,-,-,-
PK-PWA,A0000127,2022-04-28,-,-,-,CGK,MAREP,,PERFORM 24H CHECK,PERFORMED 24H CHECK PER FORM F.MNT.103,0,0,0,0,0,0,0,0,-,-,-,-,-,-,-,-
PK-PWA,A0000128,2022-04-29,-,-,-,CGK,MAREP,,PERFORM BD CHECK,PERFORMED BD CHECK PER FORM F.MNT.M.102,0,0,0,0,0,0,0,0,-,-,-,-,-,-,-,-
PK-PWA,A0000129,2022-04-29,-,-,-,CGK,MAREP,25,"REF CML SEQ C0000203 RECLINE OF SEAT NO 4C, 16B, 23D, AND 24E ARE NOT PROPER","AFTER CHECK FOUND HYDROLOCKS WEREWEAK. NEED REPLACEMENT OF HYDROLOCK. D/T NIL SPARE, INSERT TO HIL",0,0,0,0,0,0,0,0,-,-,-,-,-,-,25-20-02A,D
PK-PWA,A0000130,,,,,CGK,,,,,,,,,,,,,,,,,,,,
PK-PWA,A0000131,2022-04-29,6D-101,DPS,CGK,CGK,PIREP,27,FCTL SLAT SYS 2 FAULT INTERMITTENT IN FLIGHT,"REF TSM TASK 27-81-00-810-832, VISUAL CHECK OF PINS SFCC2 (22CV) AND SFCC1 (21CV). DID NOT FIND ABNORMAL CONDITION. CHECK CB 5CV, 7CV CONDITION OK. BITE TEST WITH THE APPLICABLE SFCC PER AMM 27-81-00-740-002, RESULT OK.",0,0,0,0,0,0,0,0,-,-,-,-,-,-,-,-
PK-PWA,A0000131,2022-04-29,6D-101,DPS,CGK,CGK,PIREP,36,HP BLEED VALVE1 FAULT DURING PACK OFF SELECTION,REF TSM 36-11-00-810-837 CHECK OF THE UNIONS OF THE SENSE LINE AT THE ENG1 HP BLEED VLV AND ENG1 PRV. RESULT: PROPERLY TIGHT. MANUAL OPENING-CLOSING OF HP BLEED VLV. RESULT NORMAL OPEN-CLOSE. BITE TEST  OF BMC1 REF AMM 36-11-00-740-001,0,0,0,0,0,0,0,0,-,-,-,-,-,-,-,-
PK-PWA,A0000132,,,,,CGK,,,,,,,,,,,,,,,,,,,,
PK-PWA,A0000133,2022-04-30,-,-,-,CGK,MAREP,,PERFORM 24H CHECK,PERFORMED 24H CHECK PER FORM F.MNT.103,0,0,0,0,0,0,0,0,-,-,-,-,-,-,-,-
PK-PWC,A0000252,2022-04-09,-,-,-,CGK,MAREP,,PERFORM DAILY CHECK,PERFORMED DAILY CHECK REF F.MNT.M.104,0,0,0,0,0,0,0,0,-,-,-,-,-,-,-,-
PK-PWC,A0000252,2022-04-09,-,-,-,CGK,MAREP,,PERFORM BD CHECK,PERFORMED BD CHECK PER FORM F.MNT.M.102,0,0,0,0,0,0,0,0,-,-,-,-,-,-,-,-
PK-PWC,A0000253,2022-04-09,PK-PWC,MPL,DWC,DWC,PIREP,0,NIL,NIL,0,1,0,0,0,0,0,0,-,-,-,-,-,-,-,-
PK-PWC,A0000254,2022-04-10,-,-,-,DWC,MAREP,,PERFORM BD CHECK,PERFORMED BD CHECK PER FORM F.MNT.M.102,0,0,0,0,0,0,0,0,-,-,-,-,-,-,-,-
PK-PWC,A0000255,2022-04-10,PK-PWC,DWC,UTP,UTP,MAREP,,SERVICING OIL ENG1 AND ENG2,SERVICING OIL ENG1 AND ENG2 CARRIED OUT PER AMM 12-13-79-PB301,1,1,0,0,0,0,0,0,-,-,-,-,-,-,-,-
PK-PWC,A0000255,2022-04-10,-,-,-,UTP,MAREP,,RE-INSPECTION FILLER CAPS ENG1 AND ENG2,"RE-INSPECTION OIL FILLER CAPS AFTER SERVICING ENG1 AND ENG2 CARRIED OUT, FOUND SECURE. PER QN-6005",0,0,0,0,0,0,0,0,-,-,-,-,-,-,-,-
PK-PWC,A0000256,2022-04-11,PK-PWC,UTP,CGK,CGK,PIREP,0,NIL,NIL,0,0,0,0,0,0,0,0,-,-,-,-,-,-,-,-
PK-PWC,A0000257,2022-04-14,-,-,-,CGK,MAREP,,REF DGCA FINDING 1EA CARGO BAY LIGHT OFF,PERFORMED REPOSITION LIGHT OF THE CARGO BAY AREA REF AMM 33-34-11-PB-401. DO OPERATIONAL TEST OF THE LIGHT CARGO COMPARTMENT REF 33-34-00-710-001. RESULT ILLUMINATE,0,0,0,0,0,0,0,0,-,-,-,-,-,-,-,-
PK-PWC,A0000257,2022-04-14,-,-,-,CGK,MAREP,,PERFORM DAILY CHECK,PERFORMED DAILY CHECK PER F.MNT.M.104. TYRE PRESS NW: 187/187 PSI. MW: 219/219/219/219 PSI,0,0,0,0,0,0,0,0,-,-,-,-,-,-,-,-
PK-PWC,A0000258,2022-04-15,-,-,-,CGK,MAREP,,PERFORM 24H CHECK,PERFORMED 24H CHECK PER FORM F.MNT.103,0,0,0,0,0,0,0,0,-,-,-,-,-,-,-,-
PK-PWC,A0000261,2022-04-17,-,-,-,CGK,MAREP,,PERFORM 24H CHECK,PERFORMED 24H CHECK PER FORM F.MNT.103,0,0,0,0,0,0,0,0,-,-,-,-,-,-,-,-
PK-PWC,A0000262,2022-04-18,-,-,-,CGK,MAREP,,PERFORM DAILY CHECK,PERFORMED DAILY CHECK REF F.MNT.M.104,0,0,0,0,0,0,0,0,-,-,-,-,-,-,-,-
PK-PWC,A0000262,2022-04-18,-,-,-,CGK,MAREP,,INSTALL A/C DOCUMENT,PERFORMED INSTALLATION OF CERTIFICATE OF AIRWORTHINESS ON A/C DOCUMENT. VALID UNTIL 17 APR 2023.,0,0,0,0,0,0,0,0,-,-,-,-,-,-,-,-
PK-PWC,A0000263,2022-04-19,-,-,-,CGK,MAREP,,INSTALL A/C DOCUMENT,PERFORMED INSTALLATION OF NOISE CERTIFICATION,0,0,0,0,0,0,0,0,-,-,-,-,-,-,-,-
PK-PWC,A0000263,2022-04-19,-,-,-,CGK,MAREP,,PERFORM 24H CHECK,PERFORMED 24H CHECK PER FORM F.MNT.103,0,0,0,0,0,0,0,0,-,-,-,-,-,-,-,-
PK-PWC,A0000264,2022-04-20,-,-,-,CGK,MAREP,,PERFORM DAILY CHECK,PERFORMED 24H CHECK PER FORM F.MNT.103,0,0,0,0,0,0,0,0,-,-,-,-,-,-,-,-
PK-PWC,A0000265,2022-04-22,-,-,-,CGK,MAREP,,INSTALL FWD LH ESCAPE SLIDE AFTER SEND TO SHOP,FWD LH SLIDE RAFT INSTALLED AFTER SHOP PER AMM 25-62-44-400-007. DO OPS TEST REF AMM 25-62-44-710-061. SATISFACTORY RESULT,0,0,0,0,0,0,0,0,-,-,-,-,-,-,-,-
PK-PWC,A0000265,2022-04-22,-,-,-,CGK,MAREP,,INSTALL AFT LH PAX DOOR SLIDE RAFT AFTER SEND TO SHOP,AFT LH SLIDE RAFT INSTALLED AFTER SHOP PER 25-62-44-400-006. OPS TEST REF AMM 25-62-44-710-059. SATISFACTORY RESULT.,0,0,0,0,0,0,0,0,-,-,-,-,-,-,-,-
PK-PWC,A0000266,2022-04-22,-,-,-,CGK,MAREP,,INSTALLED LH OVERWING SLIDE AFTER SHOP,INSTALLED LH OVERWING SLIDE FOR SEND TO SHOP PER 25-62-46-400-803. DO OPS TEST REF AMM 25-62-46-710-052. SATISFACTORY RESULT.,0,0,0,0,0,0,0,0,-,-,-,-,-,-,-,-
PK-PWC,A0000266,2022-04-22,-,-,-, CGK,MAREP,,INSTALL RH OVERWING SLIDE AFTER SHOP,,0,0,0,0,0,0,0,0,-,-,-,-,-,-,-,-
PK-PWC,A0000267,2022-04-22,-,-,-,CGK,MAREP,,PERFORM DAILY CHECK,PERFORMED DAILY CHECK REF F.MNT.M.104,0,0,0,0,0,0,0,0,-,-,-,-,-,-,-,-
PK-PWC,A0000268,2022-04-23,-,-,-,CGK,MAREP,,PERFORM 24H CHECK,PERFORMED 24H CHECK PER FORM F.MNT.103,0,0,0,0,0,0,0,0,-,-,-,-,-,-,-,-
PK-PWC,A0000269,,,,,,,,,,,,,,,,,,,,,,,,,
PK-PWC,A0000270,2022-04-23,PK-PWC,CGK,DPS,DPS,PIREP,36,AIR APU BLEED FAULT,"CHECKED PFR, NO FAULT MSG BMC1 AND BMC2 SYST. TEST OK, PROBLEM STILL EXIST REF AMM 36-11-00-740-001. APU BLEED AIR SUPPLY CONSIDER INOP. APPLY MEL",0,0,0,0,0,0,0,0,-,-,-,-,-,-,1936-12-01,C
PK-PWC,A0000270,2022-04-23,PK-PWC,CGK,DPS,DPS,PIREP,0,"SIMULATION FOR PROVING FLIGHT
1. AUTOFLIGHT YAW DAMPER
2. CAB PRESS EXCESS CAB ALTITUDE
3. AUTOFLIGHT YAW DAMPER SYS","PFR CHECK, NO FAULT DETECTED. AFS TEST REF AMM 22-96-00-710-001. RESULT OK, NO MSG ON ECAM.",0,0,0,0,0,0,0,0,-,-,-,-,-,-,-,-
PK-PWC,A0000271,2022-04-23,PK-PWC,DPS,CGK,CGK,PIREP,0,CABIN PRESS EXCES CAB ALTITUDE (SIMULATED),PFR CHECK NO FAULT DETECTED DO SYST TEST OF CPC1 AND CPC2. RESULT OK REF AMM 21-31-00-710-0002,0,0,0,0,0,0,0,0,-,-,-,-,-,-,-,-
PK-PWC,A0000271,2022-04-23,PK-PWC,DPS,CGK,CGK,PIREP,0,AUTOFLIGHT YAW DAMPER SYS (SIMULATED),PFR CHECK NO FAULT DETECTED. AFS SYSTEM TEST RESULT OK REF AMM 27-96-00-710-001,0,0,0,0,0,0,0,0,-,-,-,-,-,-,-,-
PK-PWC,A0000272,2022-04-23,PK-PWC,DPS,CGK,CGK,MAREP,,SERVICING OIL ENG1,,1,0,0,0,0,0,0,0,-,-,-,-,-,-,-,-
PK-PWC,A0000272,2022-04-23,PK-PWC,DPS,CGK,CGK,PIREP,0,PROVING FLIGHT SIMULATED DUAL FMGC FAULT,"PFR CHECK, NO FAULT DETECTED. AFS SYST TEST RESULT OK REF AMM 22-96-00-710-001",0,0,0,0,0,0,0,0,-,-,-,-,-,-,-,-
PK-PWC,A0000273,2022-04-24,PK-PWC,CGK,SUB,SUB,PIREP,0,NIL,-,0,0,0,0,0,0,0,0,-,-,-,-,-,-,-,-
PK-PWC,A0000273,2022-04-24,PK-PWC,SUB,CGK,CGK,PIREP,0,PROVING FLIGHT SIMULATED DUAL FMGC FAULT,PFR CHECK NO FAULT DETECTED. AFS SYSTEM TEST RESULT OK REF AMM 27-96-00-710-001,0,0,0,0,0,0,0,0,-,-,-,-,-,-,-,-
PK-PWC,A0000275,2022-04-24,-,-,-,CGK,MAREP,,"REF HIL ON AML A0000270, APU BLEED FAULT",REF TSM 49-00-81-810-813 CHECK APU LAST LEG REPORT SHOW MESSAGE DIFFERENTIAL PRESS XDCR. CHECK CONNECTOR OF P2A RESULT NO ABNORMALITY. DO CLEAN UP AND RECONNECT. PERFORMED START APU AND APPLY BLEED AIR FOR 20 SECOND RESULT GOOD. APU BLEED NORMAL AND NO FAULT. REF AMM 49-00-00-860-008. HIL CLOSED.,0,0,0,0,0,0,0,0,-,-,-,-,-,-,-,-
PK-PWC,A0000275,2022-04-24,-,-,-,CGK,MAREP,,PERFORM WEEKLY CHECK,PERFORMED WEEKLY CHECK REF FORM F.MNT.M.105,2,3,0,0,0,0,0,0,-,-,-,-,-,-,-,-
PK-PWC,A0000276,2022-04-25,-,-,-,CGK,MAREP,,PERFORM BD CHECK,PERFORMED BD CHECK PER FORM F.MNT.M.102,0,0,0,0,0,0,0,0,-,-,-,-,-,-,-,-
PK-PWC,A0000277,,,,,,,,,,,,,,,,,,,,,,,,,
PK-PWC,A0000278,2022-04-25,PK-PWC,DPS,CGK,CGK,PIREP,0,SIMULATION DURING PROVING FLIGHT WHERE NOSE WHEEL STEERING FAULT ON GROUND DURING TAXI,RESET A/SKID NWS ON LG CTRL PANEL AND BITE BSCU1 AND 2. RESULT TEST OK MSG DISAPPEAR REF AMM 32-46-00-610-001,0,0,0,0,0,0,0,0,-,-,-,-,-,-,-,-
PK-PWC,A0000287,2022-04-30,-,-,-,CGK,MAREP,,PERFORM BD CHECK,PERFORMED BD CHECK PER FORM F.MNT.M.102,0,0,0,0,0,0,0,0,-,-,-,-,-,-,-,-
PK-PWC,A0000288,2022-04-30,6D-102,CGK,DPS,DPS,PIREP,0,NIL,-,0,0,0,0,0,0,0,0,-,-,-,-,-,-,-,-
PK-PWC,A0000288,2022-04-30,6D-101,DPS,CGK,CGK,PIREP,0,NIL,-,0,0,0,0,0,0,0,0,-,-,-,-,-,-,-,-
PK-PWC,A0000288,2022-04-30,-,-,-,CGK,MAREP,,REF CML SEQ C 0000006 CABIN CEILING LIGHT NO 10ABC NOT ILLUMINATE,"AFTER CHECK, SUSPECT BULB WAS BAD. NEED TO REPLACE BULB. D/T NIL SPARE TRBL INSERT TO HIL",0,0,0,0,0,0,0,0,-,-,-,-,-,-,33-20-01A,C
PK-PWC,A0000288,2022-04-30,-,-,-,CGK,MAREP,33,PERFORM DAILY CHECK,PERFORMED DAILY CHECK REF F.MNT.M.104,0,0,0,0,0,0,0,0,-,-,-,-,-,-,-,-
PK-PWC,A0000281,2022-04-26,-,-,-,CGK,MAREP,,PERFORM BD CHECK,PERFORMED BD CHECK PER FORM F.MNT.M.102,0,0,0,0,0,0,0,0,-,-,-,-,-,-,-,-
PK-PWC,A0000289,2022-05-01,-,-,-,CGK,MAREP,,PERFORM 24H CHECK,,0,0,0,0,0,0,0,0,-,-,-,-,-,-,-,-
PK-PWC,A0000290,2022-05-02,-,-,-,CGK,MAREP,,PERFORM WEEKLY CHECK,PERFORMED WEEKLY CHECK REF FORM F.MNT.M.105,0,0,0,0,0,0,0,0,-,-,-,-,-,-,-,-
PK-PWC,A0000291,2022-05-03,-,-,-,CGK,MAREP,,PERFORM 24H CHECK,PERFORMED 24H CHECK PER FORM F.MNT.103,0,0,0,0,0,0,0,0,-,-,-,-,-,-,-,-
PK-PWC,A0000292,2022-05-04,-,-,-,CGK,MAREP,,PERFORM DAILY CHECK,PERFORMED DAILY CHECK REF F.MNT.M.104.,0,0,0,0,0,0,0,0,-,-,-,-,-,-,-,-
PK-PWC,A0000293,2022-05-05,-,-,-,CGK,MAREP,33,REF AML SEQ A0000280 CML OPEN WINDOW LIGHT NO. 5 & 6 RH DOES NOT ILLUM,REF CONCESSION LETTER NO QA/CL/22/001 EXTEND REPAIR INTERVAL FOR WINDOW LIGHT NO. 5 & 6 RH PER MEL ITEM 33-20-01A,0,0,0,0,0,0,0,0,-,-,-,-,-,-,33-20-01,C
PK-PWC,A0000293,2022-05-05,-,-,-,CGK,MAREP,,REF HIL ON AML A0000277 APU BLEED FAULT,REPLACE DP SENSOR REF AMM 49-51-16-PB401. PERFORM SELF TEST OF THE ECB WITH STISFACTORY RESULT REF AMM 49-00-00-710-009. CHECKED FOR AIR LEAKS RESULT NO LEAKS. REF AMM 49-00-00-790-006. HIL CLOSED,0,0,0,0,0,0,0,0,DIFFERENTIAL PRESSURE SWITCH,3876227-2,3876227-2,81121419590,1.82E+12,APU,-,-
PK-PWC,A0000294,2022-05-05,-,-,-,CGK,MAREP,36,PERFORM 24H CHECK,PERFORMED 24H CHECK PER FORM F.MNT.103,0,0,0,0,0,0,0,0,-,-,-,-,-,-,-,-
PK-PWC,A0000295,2022-05-06,-,-,-,CGK,MAREP,,PERFORM BD CHECK,PERFORMED BD CHECK PER FORM F.MNT.M.102,0,0,0,0,0,0,0,0,-,-,-,-,-,-,-,-
PK-PWC,A0000296,2022-05-06,6D-102,CGK,DPS,DPS,PIREP,0,NIL,-,0,0,0,0,0,0,0,0,-,-,-,-,-,-,-,-
PK-PWC,A0000296,2022-05-06,6D-101,DPS,CGK,CGK,PIREP,0,NIL,-,0,0,0,0,0,0,0,0,-,-,-,-,-,-,-,-
PK-PWC,A0000297,2022-05-06,-,-,-,CGK,MAREP,33,DURING WAC FOUND LH LANDING LIGHT DOES NOT EXTEND AND RETRACT,REF AMM 33-42-00-710-001 DO OPERATIONAL TEST OF LDG LIGHT. RESULT DOES NOT EXTEND & RETRACT. CHECK CB LH LDG LIGHT POP OUT. SUSPECT NEED LANDING LIGHT ASSY. D/T NIL SPARE INSERT TO HIL REF MEL 33-04-04B,1,1,0,0,0,0,0,0,-,-,-,-,-,-,33-04-04B,C
PK-PWC,A0000298,2022-05-07,-,-,-,CGK,MAREP,,PERFORM 24H CHECK,PERFORMED 24H CHECK PER FORM F.MNT.103,0,0,0,0,0,0,0,0,-,-,-,-,-,-,-,-
,A0000299,2022-05-08,-,-,-,CGK,MAREP,,PERFORM BD CHECK,PERFORMED BD CHECK PER FORM F.MNT.M.102,0,0,0,0,0,0,0,0,-,-,-,-,-,-,-,-
PK-PWC,A0000300,2022-05-08,6D-102,CGK,DPS,DPS,PIREP,0,NIL,-,0,0,0,0,0,0,0,0,-,-,-,-,-,-,-,-
PK-PWC,A0000300,2022-05-08,6D-101,DPS,CGK,CGK,PIREP,0,NIL,-,0,0,0,0,0,0,0,0,-,-,-,-,-,-,-,-
PK-PWC,A0000300,2022-05-08,-,-,-,CGK,MAREP,,PERFORM DAILY CHECK,PERFORMED DAILY CHECK REF F.MNT.M.104,0,0,0,0,0,0,0,0,-,-,-,-,-,-,-,-
PK-PWC,A0000151,2022-05-09,-,-,-,CGK,MAREP,,PERFORM BD CHECK,PERFORMED BD CHECK PER FORM F.MNT.M.102,0,0,0,0,0,0,0,0,-,-,-,-,-,-,-,-
PK-PWC,A0000159,2022-05-13,6D-101,DPS,CGK,DPS,PIREP,0,NIL,-,0,0,0,0,0,0,0,0,-,-,-,-,-,-,-,-
PK-PWC,A0000159,2022-05-13,-,-,-,CGK,MAREP,,PERFORM 24H CHECK,PERFORMED 24H CHECK PER FORM F.MNT.103,0,0,0,0,0,0,0,0,-,-,-,-,-,-,-,-
PK-PWC,A0000160,2022-05-14,-,-,-,CGK,MAREP,,PERFORM DAILY CHECK,PERFORMED DAILY CHECK REF F.MNT.M.104,0,0,0,0,0,0,0,0,-,-,-,-,-,-,-,-
PK-PWC,A0000162,2022-05-15,6D-102,CGK,DPS,DPS,PIREP,0,NIL,-,0,0,0,0,0,0,0,0,-,-,-,-,-,-,-,-
PK-PWC,A0000162,2022-05-15,6D-101,DPS,CGK,CGK,PIREP,0,NIL,-,0,0,0,0,0,0,0,0,-,-,-,-,-,-,-,-
PK-PWC,A0000162,2022-05-15,-,-,-,CGK,MAREP,,REF HIL ON AML A0000293 D1 WINDOW LIGHT NO 5 RH NOT ILLUMINATE,PERFORMED REPLACEMENT OF WINDOW LIGHT NO 5 RH REF AMM TASK 33-21-11-PB401. DO OPEERATIONAL TEST REF AMM 33-21-00-701-001 RESULT ILLUMINATED. HIL CLOSED.,0,0,0,0,0,0,0,0,-,-,-,-,-,-,-,-
PK-PWC,A0000164,2022-05-15,-,-,-,CGK,MAREP,,PERFORM 24H CHECK,PERFORMED 24H CHECK PER FORM F.MNT.103,2,1,0,0,0,0,0,0,-,-,-,-,-,-,-,-
PK-PWC,A0000168,2022-05-17,-,-,-,CGK,MAREP,,PERFORM 24H CHECK,PERFORMED 24H CHECK PER FORM F.MNT.103,0,0,0,0,0,0,0,0,-,-,-,-,-,-,-,-
PK-PWC,A0000302,2022-05-30,IP-102,CGK,DPS,DPS,PIREP,0,NIL,-,0,0,0,0,0,0,0,0,-,-,-,-,-,-,-,-
PK-PWC,A0000302,2022-05-30,IP-101,DPS,CGK,CGK,PIREP,0,NIL,-,0,0,0,0,0,0,0,0,-,-,-,-,-,-,-,-
PK-PWC,A0000302,2022-05-30,-,-,-,CGK,MAREP,,PERFORM DAILY CHECK,PERFORMED DAILY CHECK REF F.MNT.M.104,0,0,0,0,0,0,0,0,-,-,-,-,-,-,-,-
PK-PWC,A0000303,2022-05-31,-,-,-,CGK,MAREP,,PERFORM 24H CHECK,PERFORMED 24H CHECK PER FORM F.MNT.103,0,0,0,0,0,0,0,0,-,-,-,-,-,-,-,-
PK-PWC,A0000304,2022-06-01,-,-,-,CGK,MAREP,,PERFORM BD CHECK,PERFORMED BD CHECK PER FORM F.MNT.M.102,0,0,0,0,0,0,0,0,-,-,-,-,-,-,-,-
PK-PWC,A0000305,2022-06-01,IP-102,CGK,DPS,DPS,PIREP,0,NIL,-,0,0,0,0,0,0,0,0,-,-,-,-,-,-,-,-
PK-PWC,A0000305,2022-06-01,IP-101,DPS,CGK,CGK,PIREP,0,NIL,-,0,0,0,0,0,0,0,0,-,-,-,-,-,-,-,-
PK-PWC,A0000305,2022-06-01,-,-,-,CGK,MAREP,,PERFORM DAILY CHECK,PERFORMED DAILY CHECK REF F.MNT.M.104,1,1,0,0,0,0,0,0,-,-,-,-,-,-,-,-
PK-PWC,A0000306,2022-06-02,-,-,-,CGK,MAREP,,PERFORM WEEKLY CHECK,PERFORMED WEEKLY CHECK REF FORM F.MNT.M.105,0,0,0,0,0,0,0,0,-,-,-,-,-,-,-,-
PK-PWC,A0000307,2022-06-03,-,-,-,CGK,MAREP,,PERFORM BD CHECK,PERFORMED BD CHECK PER FORM F.MNT.M.102,0,0,0,0,0,0,0,0,-,-,-,-,-,-,-,-
PK-PWC,A0000308,2022-06-03,IP-102,CGK,DPS,DPS,PIREP,0,CAPT SUNVISOR DETACHED,Ref AMM 25-13-11-400-001A Re-Install capt sunvisor. Opertation check Normal,0,0,0,0,0,0,0,0,-,-,-,-,-,-,-,-
PK-PWC,A0000309,2022-06-03,IP-101,DPS,CGK,CGK,PIREP,0,NIL,-,0,0,0,0,0,0,0,0,-,-,-,-,-,-,-,-
PK-PWC,A0000309,2022-06-03,-,-,-,CGK,MAREP,,PERFORM DAILY CHECK,PERFORMED WEEKLY CHECK REF FORM F.MNT.M.105,0,0,0,0,0,0,0,0,-,-,-,-,-,-,-,-
PK-PWC,A0000310,2022-06-04,-,-,-,CGK,MAREP,,SEAL RETAINER FOUND DENTED / DEFORMED,DO INSPECT BULKHEAD AREA BY OPEN THE RADOME FOUND DENT AT ANGLE RETAINER 10MM DIMENSION LENGHT 30MM AND DEPTH OF DENT 5MM AND EGE OF SKIN PANEL UPPER PART FR1 (LH) FOUND DEFORMATION 10MM DIMENSION LENGTH 120MM AND DEPTH OF DAMAGE IS 2MM. DO VISUAL INSPECTION NO CRACK FOUND REF AMM 53-11-00-210-040,0,0,0,0,0,0,0,0,-,-,-,-,-,-,-,-
PK-PWC,A0000310,2022-06-04,-,-,-,CGK,MAREP,,PERFORM 24H CHECK,PERFORMED 24H CHECK PER FORM F.MNT.103,0,0,0,0,0,0,0,0,-,-,-,-,-,-,-,-
PK-PWC,A0000311,2022-06-05,-,-,-,CGK,MAREP,,PERFORM BD CHECK,PERFORMED BD CHECK PER FORM F.MNT.M.102,0,0,0,0,0,0,0,0,-,-,-,-,-,-,-,-
PK-PWC,A0000312,2022-06-05,IP-102,CGK,DPS,DPS,PIREP,0,NIL,-,0,0,0,0,0,0,0,0,-,-,-,-,-,-,-,-
PK-PWC,A0000312,2022-06-05,IP-101,DPS,CGK,CGK,PIREP,0,NIL,-,0,0,0,0,0,0,0,0,-,-,-,-,-,-,-,-
PK-PWC,A0000312,2022-06-05,-,-,-,CGK,MAREP,,PERFORM DAILY CHECK,PERFORMED DAILY CHECK REF F.MNT.M.104,1,2,0,0,0,0,0,0,-,-,-,-,-,-,-,-
PK-PWC,A0000313,2022-06-06,-,-,-,CGK,MAREP,,PERFORM BD CHECK,PERFORMED BD CHECK PER FORM F.MNT.M.102,0,0,0,0,0,0,0,0,-,-,-,-,-,-,-,-
PK-PWC,A0000314,2022-06-06,IP-102,CGK,DPS,DPS,PIREP,0,NIL,-,0,0,0,0,0,0,0,0,-,-,-,-,-,-,-,-
PK-PWC,A0000314,2022-06-06,IP-101,DPS,CGK,CGK,PIREP,0,NIL,-,0,0,0,0,0,0,0,0,-,-,-,-,-,-,-,-
PK-PWC,A0000314,2022-06-06,-,-,-,CGK,MAREP,,PERFORM 24H CHECK,PERFORMED 24H CHECK PER FORM F.MNT.103,0,0,0,0,0,0,0,0,-,-,-,-,-,-,-,-
PK-PWC,A0000315,2022-06-07,-,-,-,CGK,MAREP,,PERFORM DAILY CHECK,PERFORMED DAILY CHECK REF F.MNT.M.104,0,0,0,0,0,0,0,0,-,-,-,-,-,-,-,-
PK-PWC,A0000316,2022-06-08,-,-,-,CGK,MAREP, ,PERFORM BD CHECK,PERFORMED BD CHECK PER FORM F.MNT.M.102,0,0,0,0,0,0,0,0,-,-,-,-,-,-,-,-
PK-PWC,A0000317,2022-06-08,IP-102,CGK,DPS,DPS,PIREP,0,NIL,-,0,0,0,0,0,0,0,0,-,-,-,-,-,-,-,-
PK-PWC,A0000317,2022-06-08,IP-101,DPS,CGK,CGK,PIREP,0,NIL,-,0,0,0,0,0,0,0,0,-,-,-,-,-,-,-,-
PK-PWC,A0000317,2022-06-08,-,-,-,CGK,MAREP,,REF CML SEAT NUMBER 22B RECLINE SYSTEM IS BROKEN,"TRY TO ADJUST HYDROLOCK, BUT PROBLEM STILL EXIST AFTER INSPECTIO AND CHECK, HYDROLOCK NEED TO BE REPLACED. DUE TO CGK NO SPARE PROBLEM RISE TO HIL REF MEL 25-20-02A CAT D. AFFECTED SEAT LOCK AND UPRIGHT POSITION",0,0,0,0,0,0,0,0,-,-,-,-,-,-,-,-
PK-PWC,A0000318,2022-06-08,-,-,-,CGK,MAREP,,PERFORM 24H CHECK,PERFORMED 24H CHECK PER FORM F.MNT.103,2,2,0,0,0,0,0,0,-,-,-,-,-,-,-,-
PK-PWC,A0000319,2022-06-09,-,-,-,CGK,MAREP,,PERFORM DAILY CHECK,PERFORMED DAILY CHECK REF F.MNT.M.104,0,0,0,0,0,0,0,0,-,-,-,-,-,-,-,-
PK-PWC,A0000320,2022-06-10,-,-,-,CGK,MAREP,,PERFORM BD CHECK,PERFORMED BD CHECK PER FORM F.MNT.M.102,0,0,0,0,0,0,0,0,-,-,-,-,-,-,-,-
PK-PWC,A0000321,2022-06-10,IP-102,CGK,DPS,DPS,PIREP,0,NIL,-,0,0,0,0,0,0,0,0,-,-,-,-,-,-,-,-
PK-PWC,A0000321,2022-06-10,IP-101,DPS,CGK,CGK,PIREP,21,AIR PACK 1 REGULATOR FAULT,DO PFR CHECK NO FOUND RELATER MSG. REF TSM TASK 21-61-00-810-803-A DO THE OPERATIONAL TEST OF PACK TEMPERATURE CONTROL SYSTEM RESULT TEST OK. REF AMM 21-61-00-710-001,0,0,0,0,0,0,0,0,-,-,-,-,-,-,-,-
PK-PWC,A0000321,2022-06-10,-,-,-,CGK,MAREP,,REF HIL AML A00000317 D2 SEAT NUMBER 22B RECLINE SYSTEM IS BROKEN,DO CROSSCHANGE HYDROLOCK 22B WITH SEAT 30A AND DO OPERATIONAL TEST RESULT GOOD. HIL CLOSED REF CMM 25-23-91,0,0,0,0,0,0,0,0,-,-,-,-,-,-,-,-
PK-PWC,A0000322,2022-06-10,-,-,-,CGK,MAREP,,PERFORM WEEKLY CHECK,PERFORMED WEEKLY CHECK REF FORM F.MNT.M.105,0,0,0,0,0,0,0,0,-,-,-,-,-,-,-,-
PK-PWC,A0000323,2022-06-11,-,-,-,CGK,MAREP,,PERFORM DAILY CHECK,PERFORMED DAILY CHECK REF F.MNT.M.104,0,0,0,0,0,0,0,0,-,-,-,-,-,-,-,-
PK-PWC,A0000324,2022-06-12,-,-,-,CGK,MAREP,,PERFORM BD CHECK,PERFORMED BD CHECK PER FORM F.MNT.M.102,0,0,0,0,0,0,0,0,-,-,-,-,-,-,-,-
PK-PWC,A0000325,2022-06-12,IP-102,CGK,DPS,DPS,PIREP,0,NIL,-,0,0,0,0,0,0,0,0,-,-,-,-,-,-,-,-
PK-PWC,A0000325,2022-06-12,IP-101,DPS,CGK,CGK,PIREP,0,NIL,-,0,0,0,0,0,0,0,0,-,-,-,-,-,-,-,-
PK-PWC,A0000325,2022-06-12,-,-,-,CGK,MAREP,,PERFORM 24H CHECK,PERFORMED 24H CHECK PER FORM F.MNT.103,2,2,0,0,0,0,0,0,-,-,-,-,-,-,-,-
PK-PWC,A0000326,2022-06-13,-,-,-,CGK,MAREP,,PERFORM BD CHECK,PERFORMED BD CHECK PER FORM F.MNT.M.102,0,0,0,0,0,0,0,0,-,-,-,-,-,-,-,-
PK-PWC,A0000327,2022-06-13,IP-102,CGK,DPS,DPS,PIREP,0,NIL,-,0,0,0,0,0,0,0,0,-,-,-,-,-,-,-,-
PK-PWC,A0000327,2022-06-13,IP-101,DPS,CGK,CGK,PIREP,0,NIL,-,0,0,0,0,0,0,0,0,-,-,-,-,-,-,-,-
PK-PWC,A0000327,2022-06-13,-,-,-,CGK,MAREP,,PERFORM DAILY CHECK,PERFORMED DAILY CHECK REF F.MNT.M.104,0,0,0,0,0,0,0,0,-,-,-,-,-,-,-,-
PK-PWC,A0000328,2022-06-14,-,-,-,CGK,MAREP,34,MAINTENANCE,UPLOADING AND CROSSLOADING NAV DATA BASE PERFORMED VALID UNTIL 13 JULI 2022 REF AMM 22-70-00-610-008 H,0,0,0,0,0,0,0,0,-,-,-,-,-,-,-,-
PK-PWC,A0000328,2022-06-14,-,-,-,CGK,MAREP,,PERFORM 24H CHECK,PERFORMED 24H CHECK PER FORM F.MNT.103,0,0,0,0,0,0,0,0,-,-,-,-,-,-,-,-
PK-PWC,A0000329,2022-06-15,-,-,-,CGK,MAREP,,PERFORM BD CHECK,PERFORMED BD CHECK PER FORM F.MNT.M.102,0,0,0,0,0,0,0,0,-,-,-,-,-,-,-,-
PK-PWC,A0000330,2022-06-15,IP-102,CGK,DPS,DPS,PIREP,0,NIL,-,0,0,0,0,0,0,0,0,-,-,-,-,-,-,-,-
PK-PWC,A0000330,2022-06-15,IP-101,DPS,CGK,CGK,PIREP,0,NIL,-,0,0,0,0,0,0,0,0,-,-,-,-,-,-,-,-
PK-PWC,A0000330,2022-06-15,-,-,-,CGK,MAREP,,FOUND PRINTER PAPER EMPTY,PERFORMED SERVICING OF THE PRINTER PAPER WITH NEW ONE REF AMM 31-35-22-600-001-A REV 01 MAY 22,0,0,0,0,0,0,0,0,-,-,-,-,-,-,-,-
PK-PWC,A0000331,2022-06-15,-,-,-,CGK,MAREP,,PERFORM DAILY CHECK,PERFORMED DAILY CHECK REF F.MNT.M.104,0,0,0,0,0,0,0,0,-,-,-,-,-,-,-,-
PK-PWC,A0000332,2022-06-16,-,-,-,CGK,MAREP,,PERFORM 24H CHECK,PERFORMED 24H CHECK PER FORM F.MNT.103,0,0,0,0,0,0,0,0,-,-,-,-,-,-,-,-
PK-PWC,A0000333,2022-06-17,-,-,-,CGK,MAREP,,PERFORM BD CHECK,PERFORMED BD CHECK PER FORM F.MNT.M.102,0,0,0,0,0,0,0,0,-,-,-,-,-,-,-,-
PK-PWC,A0000334,2022-06-17,IP-102,CGK,DPS,DPS,PIREP,0,NIL,-,0,0,0,0,0,0,0,0,-,-,-,-,-,-,-,-
PK-PWC,A0000334,2022-06-17,IP-101,DPS,CGK,CGK,PIREP,0,NIL,-,0,0,0,0,0,0,0,0,-,-,-,-,-,-,-,-
PK-PWC,A0000334,2022-06-17,-,-,-,-,MAREP,,PERFORM DAILY CHECK,PERFORMED DAILY CHECK REF F.MNT.M.104,1,1,0,0,0,0,0,0,-,-,-,-,-,-,-,-
PK-PWC,A0000335,2022-06-18,-,-,-,-,MAREP,,PERFORM WEEKLY CHECK,PERFORMED WEEKLY CHECK REF FORM F.MNT.M.105,0,0,0,0,0,0,0,0,-,-,-,-,-,-,-,-
PK-PWC,A0000336,2022-06-19,-,-,-,-,MAREP,,PERFORM BD CHECK,PERFORMED BD CHECK PER FORM F.MNT.M.102,0,0,0,0,0,0,0,0,-,-,-,-,-,-,-,-
PK-PWC,A0000337,2022-06-19,IP-102,CGK,DPS,DPS,PIREP,21,MAINT MSSG TEMP CTL 1,PFR CHECK ATA 21-51-51-P1 FLOW CONT VALVE (23HB) RESETED PACK FLOW SYSTEM AND BITE TEST RESULT OK MSG ON ECAM NORMAL. REF AMM 21-61-00-710-001 REV 1 MAY 2022,0,0,0,0,0,0,0,0,-,-,-,-,-,-,-,-
PK-PWC,A0000338,2022-06-19,IP-101,DPS,CGK,CGK,PIREP,21,MAINT MSSG TEMP CTL 1,DO PFR CHECK FOUND MSG P1 FLOW CONT VALVE (23HB). TRY TO RESETED CB'S TEMP CTL SYS 1. RESULT STATISFIED. REFER AMM 21-61-00-710-001,0,0,0,0,0,0,0,0,-,-,-,-,-,-,-,-
PK-PWC,A0000338,2022-06-19,-,-,-,CGK,MAREP,25,"REFER CML SEQ NO.C0000029 D1 ""SEAT NO 9F RECLINE NOT LOCK""",AFTER CHECK SEAT NO 9F HYDROLOCK WAS WEAK. D/T NIL SPARE AT STA CGK TRBL INSERT TO HIL REF MEL 25-20-01 A CAT D,0,0,0,0,0,0,0,0,-,-,-,-,-,9F,25-20-02A,D
PK-PWC,A0000339,2022-06-19,-,-,-,CGK,MAREP,25,"REF CML SEQ NO C0000029 D4 ""REPLACED OF THE EMERGENCY ESIT LOCATION SIGN""","REPLACED OF THE EMERGENCY EXIT LOCATION SIGN O/O (40WL, 41WL, 42WL, 44WL, 45 WL). OPS TEST OF EMER EXIT LT SW RESULT GOOD. REF AMM 33-51-16-000-001-A/400-001-A.",0,0,0,0,0,0,0,0,-,-,-,-,-,-,-,-
PK-PWC,A0000339,2022-06-19,-,-,-,CGK,MAREP,25,"REF CML SEQ NO C0000030. D2. ""REPLACED OF THE EMERGENCY EXIT LOCATION SIGN""","REPLACED OF THE EMERGENCY EXIT LOCATION-SIGN PERFORMED (50WL, 51WL, 53WL). REF AMM 33-51-17-000-001-A/400-001-A",0,0,0,0,0,0,0,0,-,-,-,-,-,-,-,-
PK-PWC,A0000340,2022-06-19,-,-,-,CGK,MAREP,,PERFORM DAILY CHECK,PERFORMED DAILY CHECK REF F.MNT.M.104,0,0,0,0,0,0,0,0,-,-,-,-,-,-,-,-
PK-PWC,A0000341,2022-06-19,-,-,-,CGK,MAREP,,PERFORM BD CHECK,PERFORMED BD CHECK PER FORM F.MNT.M.102,0,0,0,0,0,0,0,0,-,-,-,-,-,-,-,-
PK-PWC,A0000501,2022-06-21,-,-,-,CGK,MAREP,,PERFORM BD CHECK,PERFORMED BD CHECK PER FORM F.MNT.M.102,0,0,0,0,0,0,0,0,-,-,-,-,-,-,-,-
PK-PWC,A0000502,2022-06-22,IP-240,CGK,YIA,YIA,PIREP,0,NIL,-,0,0,0,0,0,0,0,0,-,-,-,-,-,-,-,-
PK-PWC,A0000502,2022-06-22,IP-241,YIA,CGK,CGK,PIREP,0,NIL,-,0,0,0,0,0,0,0,0,-,-,-,-,-,-,-,-
PK-PWC,A0000502,2022-06-22,IP-102,CGK,DPS,DPS,PIREP,0,NIL,-,0,0,0,0,0,0,0,0,-,-,-,-,-,-,-,-
PK-PWC,A0000502,2022-06-22,IP-101,DPS,CGK,CGK,PIREP,0,NIL,-,0,0,0,0,0,0,0,0,-,-,-,-,-,-,-,-
PK-PWC,A0000502,2022-06-22,-,-,-,CGK,MAREP,,PERFORM 24H CHECK,PERFORMED 24H CHECK PER FORM F.MNT.103,0,0,0,0,0,0,0,0,-,-,-,-,-,-,-,-
PK-PWC,A0000503,2022-06-22,-,-,-,CGK,MAREP,,PERFORM BD CHECK,PERFORMED BD CHECK PER FORM F.MNT.M.102,0,0,0,0,0,0,0,0,-,-,-,-,-,-,-,-
PK-PWC,A0000504,2022-06-23,IP-240,CGK,YIA,YIA,PIREP,0,NIL,-,0,0,0,0,0,0,0,0,-,-,-,-,-,-,-,-
PK-PWC,A0000504,2022-06-23,IP-241,YIA,CGK,CGK,PIREP,0,NIL,-,0,0,0,0,0,0,0,0,-,-,-,-,-,-,-,-
PK-PWC,A0000504,2022-06-23,IP-102,CGK,DPS,DPS,PIREP,0,NIL,-,0,0,0,0,0,0,0,0,-,-,-,-,-,-,-,-
PK-PWC,A0000504,2022-06-23,IP-101,DPS,CGK,CGK,PIREP,0,NIL,-,0,0,0,0,0,0,0,0,-,-,-,-,-,-,-,-
PK-PWC,A0000504,2022-06-23,-,-,-,-,MAREP,,PERFORM DAILY CHECK,PERFORMED DAILY CHECK REF F.MNT.M.104,2,2,0,0,0,0,0,0,-,-,-,-,-,-,-,-
PK-PWC,A0000505,2022-06-23,-,-,-,-,MAREP,,PERFORM BD CHECK,PERFORMED BD CHECK PER FORM F.MNT.M.102,0,0,0,0,0,0,0,0,-,-,-,-,-,-,-,-
PK-PWC,A0000506,2022-06-23,-,-,-,-,MAREP,,REF CML SEQ 0000034 ON BD CHECK FOUND FAP BLANK NO RESPOND,DO RESET CB FAP NOT HELP AND BITE TEST CIDS 1 RESULT CAM (115RH) LOAD FAILED AND DEU-B (300RH) D/T NEED TROUBLE SHOOT INSERT TO HIL REF MEL 23-74-01A,0,0,0,0,0,0,0,0,-,-,-,-,-,-,23-74-01A,C
PK-PWC,A0000506,2022-06-23,-,-,-,-,MAREP,,ON BD CHECK FOUND CIDS 2 MNT STATUS,DO RESET CB CIDS NOT HELP D/T NEED TROUBLE SHOOT INSERT TO HIL REF MEL 23-00-01A,0,0,0,0,0,0,0,0,-,-,-,-,-,-,23-00-01A,C
PK-PWC,A0000507,2022-06-24,IP-240,CGK,YIA,YIA,PIREP,0,NIL,-,0,0,0,0,0,0,0,0,-,-,-,-,-,-,-,-
PK-PWC,A0000507,2022-06-24,IP-241,YIA,CGK,CGK,PIREP,0,NIL,-,0,0,0,0,0,0,0,0,-,-,-,-,-,-,-,-
PK-PWC,A0000507,2022-06-24,IP-102,CGK,DPS,DPS,PIREP,0,NIL,-,0,0,0,0,0,0,0,0,-,-,-,-,-,-,-,-
PK-PWC,A0000507,2022-06-24,IP-101,DPS,CGK,CGK,PIREP,0,NIL,-,0,0,0,0,0,0,0,0,-,-,-,-,-,-,-,-
PK-PWC,A0000507,2022-06-24,-,-,-,-,MAREP,,REF HIL AML SEQ NO A000506 D1 FAP BLANK,DO LOADING OBRM SOFTWARE ON FAP AND DO BITE TEST CIDS SYS RESULT GOOD. REF AMM 23-73-00-740-005. HIL CLOSED.,0,0,0,0,0,0,0,0,-,-,-,-,-,-,-,-
PK-PWC,A0000508,2022-06-24,-,-,-,-,MAREP,,REF HIL AML SEQ NO A000506 D2 CIDS 2 ON MTS,TRY TO REJECTED CB'S CIDS SYS #2 AND DO GROUND SCAN RESULT GOOD. REF AMM 23-73-00-740-005 HIL CLOSED,0,0,0,0,0,0,0,0,-,-,-,-,-,-,-,-
PK-PWC,A0000508,2022-06-24,-,-,-,-,MAREP,,PERFORM 24H CHECK,PERFORMED 24H CHECK PER FORM F.MNT.103,0,0,0,0,0,0,0,0,-,-,-,-,-,-,-,-
PK-PWC,A0000509,2022-06-24,-,-,-,-,MAREP,,PERFORM BD CHECK,PERFORMED BD CHECK PER FORM F.MNT.M.102,0,0,0,0,0,0,0,0,-,-,-,-,-,-,-,-
PK-PWC,A0000510,2022-06-25,IP-240,CGK,YIA,YIA,PIREP,0,NIL,-,0,0,0,0,0,0,0,0,-,-,-,-,-,-,-,-
PK-PWC,A0000510,2022-06-25,IP-241,YIA,CGK,CGK,PIREP,0,NIL,-,0,0,0,0,0,0,0,0,-,-,-,-,-,-,-,-
PK-PWC,A0000510,2022-06-25,IP-102,CGK,DPS,DPS,PIREP,0,NIL,-,0,0,0,0,0,0,0,0,-,-,-,-,-,-,-,-
PK-PWC,A0000510,2022-06-25,IP-101,DPS,CGK,CGK,PIREP,0,NIL,-,0,0,0,0,0,0,0,0,-,-,-,-,-,-,-,-
PK-PWC,A0000510,2022-06-25,-,-,-,-,MAREP,,REF CML SEQ C0000035 INSTALL CURTAIN STRAP FOR TAKE OFF AND LANDING AT FWD & AFT,NEED INSTALL STRAP CURTAIN INSERT TO HIL D/T NIL SPARE. NON CAT,0,0,0,0,0,0,0,0,-,-,-,-,-,-,-,-
PK-PWC,A0000512,2022-06-25,IP-102,CGK,DPS,DPS,PIREP,0,NIL,-,0,0,0,0,0,0,0,0,-,-,-,-,-,-,-,-
PK-PWC,A0000512,2022-06-25,IP-101,DPS,CGK,CGK,PIREP,0,NIL,-,0,0,0,0,0,0,0,0,-,-,-,-,-,-,-,-
PK-PWC,A0000512,2022-06-25,-,-,-,-,MAREP,,INSPECTION REMARKS TAXI LIGHT LAMP CRACK,"DO REPLACE OF TAXI LIGHT LAM ASSY REF AMM 33-46-12 PB 401
OPERATIONAL TEST OF THE TAXI LIGHT RESULT GOOD REF AMM 33-46-00-710-001",0,0,0,0,0,0,0,0,-,Q4554,Q4554,-,-,-,-,-
PK-PWC,A0000513,2022-06-25,-,-,-,-,MAREP,,PERFORM DAILY CHECK,PERFORMED DAILY CHECK REF F.MNT.M.104,2,2,0,0,0,0,0,0,-,-,-,-,-,-,-,-
PK-PWC,A0000514,2022-06-26,-,-,-,-,MAREP,,PERFORM BD CHECK,PERFORMED BD CHECK PER FORM F.MNT.M.102,0,0,0,0,0,0,0,0,-,-,-,-,-,-,-,-
PK-PWC,A0000515,2022-06-26,IP-240,CGK,YIA,YIA,PIREP,0,NIL,-,0,0,0,0,0,0,0,0,-,-,-,-,-,-,-,-
PK-PWC,A0000515,2022-06-26,IP-241,YIA,CGK,CGK,PIREP,0,NIL,-,0,0,0,0,0,0,0,0,-,-,-,-,-,-,-,-
PK-PWC,A0000515,2022-06-26,IP-102,CGK,DPS,DPS,PIREP,0,NIL,-,0,0,0,0,0,0,0,0,-,-,-,-,-,-,-,-
PK-PWC,A0000515,2022-06-26,IP-101,DPS,CGK,CGK,PIREP,0,NIL,-,0,0,0,0,0,0,0,0,-,-,-,-,-,-,-,-
PK-PWC,A0000516,2022-06-26,-,-,-,-,MAREP,,PERFORM WEEKLY CHECK,PERFORMED WEEKLY CHECK REF FORM F.MNT.M.105,2,1,0,0,0,0,0,0,-,-,-,-,-,-,-,-
PK-PWC,A0000517,2022-06-26,-,-,-,-,MAREP,,PERFORM BD CHECK,PERFORMED BD CHECK PER FORM F.MNT.M.102,0,0,0,0,0,0,0,0,-,-,-,-,-,-,-,-
PK-PWC,A0000517,2022-06-26,-,-,-,-,MAREP,,ECAM ADVISORY DURING BD CHECK APU LOW OIL LEVEL,DO CHECK APU OIL LEVEL AND SERVICING. ADD 2 QTS OIL. DO OPERATIONAL OF APU. RUNNING WELL. MSG CLEAR REF AMM 12-13-49-612-001-A,0,0,2,0,0,0,0,0,-,-,-,-,-,-,-,-
PK-PWC,A0000227,2022-06-26,-,-,-,-,MAREP,,REF CML SEQ C0000213 D3 ARMCAP POSITION 30F WAS BROKEN,TEMPORARY FIX BY STICKER ARMCAP. ARMCAP NEED REPLACED D/T NIL SPARE ITEM INSERT TO HIL. REF MEL 25-20-05A CAT D,0,0,0,0,0,0,0,0,ARM CAP,139-00-317-64NN,-,-,-,30F,25-20-05A,D
PK-PWC,A0000228,2022-06-27,-,-,-,-,MAREP,,PERFORM BD CHECK,PERFORMED BD CHECK PER FORM F.MNT.M.102,0,0,0,0,0,0,0,0,-,-,-,-,-,-,-,-
PK-PWA,A0000216,2022-06-23,-,-,-,-,PIREP,28,LEFT OUTER TANK FUEL QUANTITY UNDER READ INFLIGHT,"IAW AMM 28-42-00-740-087-A, C/O AND PFR CHECK FOUND. FUEL LEVEL SENSING (29Q1) RESET SYSTEM OK",0,0,0,0,0,0,0,0,-,-,-,-,-,-,-,-
PK-PWA,A0000217,2022-06-23,-,-,-,-,PIREP,22,FOR INFO : FMGC1 FAULT AFTER ENG START. QRH RESET SUCCESFUL,CHECK ON PFR NO FAULT RELATED FOUND. PERFORMED OPT OF THE AFS RESULT PASS REFF AMM 22-96-00-710-001,0,0,0,0,0,0,0,0,-,-,-,-,-,-,-,-
PK-PWA,A0000217,2022-06-23,-,-,-,-,PIREP,28,LEFT OUTER TANK FUEL QUANTITY UNDER READ INFLIGHT UP TO 300KG ON DESCENT,PERFORMED TSM 28-15-00-810-815-A DO FLSS BITE RESULT NO MESSAGE SHOW REF AMM 28-46-00-740-001. DO FUNCTIONAL (BITE) TEST OF THE INTERCELL TRANSFER VALVE RESULT SATISFY REF AMM 28-15-00-740-002 PERFORMED FUEL TRANSFER TO LH WING TANK RESULT INDICATION NORMAL REFF AMM 28-25-00-869-001 A,0,0,0,0,0,0,0,0,-,-,-,-,-,-,-,-
PK-PWA,A0000218,2022-06-23,-,-,-,-,MAREP,,REF TASKCARD NO 100000111 INSTALL PRESSURE TRANSDUCER 11GG,PERFORMED INSTALL PRESSURE TRANSDUCER 11GG REF AMM 32-42-21-400-001-A. BLEED THE NORMAL BRAKE SYSTEM PERFORMED AND NO LEAK REF AMM 32-42-00-870-000. DO OPT OF THE NORMAL BRAKE SYSTEM RESUL FAULT REF AMM 32-42-00-710-001,0,0,0,0,0,0,0,0,PRESSURE TRANSDUCER,ZAW623-01,ZAW623-01,HEK59567,ASAR49168,11GG,-,-
PK-PWA,A0000218,2022-06-23,-,-,-,-,MAREP,,PERFORM 24H CHECK,PERFORMED 24H CHECK PER FORM F.MNT.103,0,0,0,0,0,0,0,0,-,-,-,-,-,-,-,-
PK-PWA,A0000219,2022-06-24,-,-,-,-,MAREP,,"DURING BD CHECK FOUND FUEL QUANTITY AT LH OUTER CELL ""0""",REF TSM 28-15-00-810-815-A DO BITE TEST OF THE INTERCELL TRF VLV RESULT NO FAULT DETECTED. D/T NEED TIME FOR TROUBLESHOOT PROBLEM INSERT TO HIL REF MEL 28-15-01A,0,0,0,0,0,0,0,0,-,-,-,-,-,-,28-15-01A,C
PK-PWA,A0000219,2022-06-24,-,-,-,-,MAREP,,PERFORM BD CHECK,PERFORMED BD CHECK PER FORM F.MNT.M.102,0,0,0,0,0,0,0,0,-,-,-,-,-,-,-,-
PK-PWA,A0000220,2022-06-24,IP-100,CGK,DPS,DPS,PIREP,27,F/CTL SLAT SYS 2 FAULT,REF TSM 27-81-00-810-826-A. DO INITIALIZATION OF SFCC #1 AND #2 (SFCC RESET) AND BITE TEST SFCC #1 RESULT NO FAULT. SFCC #2 RESULT NO FAULT. REF AMM 27-81-00-740-002-A DO OPS TEST OF THE SLAT SYSTEM 27-84-00-710-001-A. RESULT STATISFY,0,0,0,0,0,0,0,0,-,-,-,-,-,-,-,-
PK-PWA,A0000220,2022-06-24,IP-101,DPS,CGK,CGK,PIREP,36,AIR ENG 1 HP VALVE FAULT,"REF TSM 36-11-00-810-837-A. IDENTIFIED FAULT SYMPTOM PFR GIVE MAINT MESSAGE HP BLEED VALVE 4000 HA1 OR SENSE LINE, CHECK OF THE UNION SENSE LINE AT HP VALVE AND PRV RESULT GOOD.",0,0,0,0,0,0,0,0,-,-,-,-,-,-,-,-
PK-PWA,A0000221,2022-06-24,-,-,-,-,MAREP,,PERFORM DAILY CHECK,PERFORMED DAILY CHECK REF F.MNT.M.104,1,0,0,0,0,0,0,0,-,-,-,-,-,-,-,-
PK-PWA,A0000222,2022-06-25,-,-,-,-,MAREP,,PERFORM BD CHECK,PERFORMED BD CHECK PER FORM F.MNT.M.102,0,0,0,0,0,0,0,0,-,-,-,-,-,-,-,-
PK-PWA,A0000223,2022-06-25,-,-,-,-,MAREP,,REF CML SEQ C0000212 D4: ARM CAP POSITION 31F WAS BROKEN,TEMPORARY FIX BY STICKER ARM CAP. NEED REPLACE ARM CAP D/T NIL SPARE. INSERT TO HIL. REF MEL 25-20-05A CAT D,0,0,0,0,0,0,0,0,-,-,-,-,-,-,-,-
PK-PWA,A0000223,2022-06-25,-,-,-,-,MAREP,,REF JOBCARD: DOOR 1R ESCAPE SLIDE DETACHED D/T STUD BROKEN,PERFORMED REPLACEMENT STUD AT ESCAPE SLIDE POST DOOR 1R. INSTALLATION ESCAPE SLIDE POST DOOR 1R WITH NEW STUD. REF AMM 25-62-44-400-802-A. OPC TEST OF THE ESCAPE SLIDE. RESULT GOOD REF AMM 25-62-44-710-062-C,0,0,0,0,0,0,0,0,-,-,-,-,-,-,-,-
PK-PWA,A0000224,2022-06-25,-,-,-,-,MAREP,,PERFORM 24H CHECK,PERFORMED 24H CHECK PER FORM F.MNT.103,0,0,0,0,0,0,0,0,-,-,-,-,-,-,-,-
PK-PWA,A0000224,2022-06-25,-,-,-,-,MAREP,,PERFORM BD CHECK,PERFORMED BD CHECK PER FORM F.MNT.M.102,0,0,0,0,0,0,0,0,-,-,-,-,-,-,-,-
PK-PWA,A0000225,2022-06-26,IP-240,CGK,YIA,YIA,PIREP,72,REVERSER ENG #2 FAULT,RECYCLE AND CHECK REVERSE ENG #2. ON TEST RESULT GOOD (3X OPC). REF AMM 78-31-00-710-042,0,0,0,0,0,0,0,0,-,-,-,-,-,-,-,-
PK-PWA,A0000226,2022-06-26,IP-241,YIA,CGK,CGK,PIREP,0,NIL,-,0,0,0,0,0,0,0,0,-,-,-,-,-,-,-,-
PK-PWA,A0000226,2022-06-26,-,-,-,-,MAREP,,PERFORM DAILY CHECK,PERFORMED DAILY CHECK REF F.MNT.M.104,0,0,0,0,0,0,0,0,-,-,-,-,-,-,-,-
PK-PWA,A0000227,2022-06-26,-,-,-,-,MAREP,,REF CML SEQ C0000213 D3 ARMCAP POSITION 30F WAS BROKEN,TEMPORARY FIX BY STICKER ARMCAP. ARMCAP NEED REPLACED D/T NIL SPARE ITEM INSERT TO HIL. REF MEL 25-20-05A CAT D,0,0,0,0,0,0,0,0,ARM CAP,139-00-317-64NN,139-00-317-64NN,-,-,30F,25-20-05A,D
PK-PWA,A0000228,2022-06-27,-,-,-,-,MAREP,,PERFORM BD CHECK,PERFORMED BD CHECK PER FORM F.MNT.M.102,0,0,0,0,0,0,0,0,-,-,-,-,-,-,-,-
PK-PWA,A0000229,2022-06-27,IP-100,CGK,DPS,DPS,PIREP,0,NIL,-,0,0,0,0,0,0,0,0,-,-,-,-,-,-,-,-
PK-PWA,A0000229,2022-06-27,IP-101,DPS,CGK,CGK,PIREP,0,NIL,-,0,0,0,0,0,0,0,0,-,-,-,-,-,-,-,-
PK-PWA,A0000230,2022-06-27,-,-,-,-,MAREP,,PERFORM WEEKLY CHECK,PERFORMED WEEKLY CHECK REF FORM F.MNT.M.105,1,3,0,0,0,0,0,0,-,-,-,-,-,-,-,-
PK-PWA,A0000231,2022-06-27,-,-,-,-,MAREP,,PERFORM BD CHECK,PERFORMED BD CHECK PER FORM F.MNT.M.102,0,0,0,0,0,0,0,0,-,-,-,-,-,-,-,-
PK-PWA,A0000232,2022-06-28,IP-240,CGK,YIA,YIA,PIREP,0,NIL,-,0,0,0,0,0,0,0,0,-,-,-,-,-,-,-,-
PK-PWA,A0000232,2022-06-28,IP-241,YIA,CGK,CGK,PIREP,0,NIL,-,0,0,0,0,0,0,0,0,-,-,-,-,-,-,-,-
PK-PWA,A0000232,2022-06-28,-,-,-,-,MAREP,,TO PERFORME CROSSCHANGE ESCAPE SLIDE POSITION 2L & 2R TROUBLESHOOT PURPOSE. TASK NO 100000117,CROSSCHANGE ESCAPE SLIDE POSITION 2L & 2R FOR T/S PURPOSED PERFORMED. REF AMM 25-62-44. OPERATIONAL TEST OF ESCAPE SLIDE PERFORMED REF AMM 25-62-44-710-062-C. RESULT: STATISFIED.,0,0,0,0,0,0,0,0,-,-,-,-,-,-,-,-
PK-PWA,A0000233,2022-06-28,-,-,-,-,MAREP,,TO PERFORM A01-CHECK PK-PWA WORK ORDER NO: AACHK001,THIS A01-CHECK HAS BEEN PERFORMED IN ACCORDANCE WITH MASTER CHECKLIST FORM NO MAN.MNT.002. PERTINENT DETAIL ARE ON FILE IN THE WORK ORDER FORM WO NO. AACHK001,0,0,0,0,0,0,0,0,-,-,-,-,-,-,-,-
PK-PWA,A0000233,2022-06-28,-,-,-,-,MAREP,,TO PERFORM ENG#2 OIL BRAND CHANGE TO ETO2380 REF EI-22-019-N322. ORDER NO: 804424321,ENG#2 OIL BRAND CHANHGE TO ETO2380 PERFORMED REF AMM 12-13-79-610-005-C,0,0,0,0,0,0,0,0,-,-,-,-,-,-,-,-
PK-PWA,A0000234,2022-06-28,-,-,-,-,MAREP,,REF AML SEQ NO A0000233 D2 TO PERFORMED ENGINE GROUND RUN AFTER ENGINE OIL BRAND CHANGE TO ETO2380. WORK ORDER NO 804424321,ENGINE 1&2 GROUND RUN PERFORMED. REF AMM 71-00-00 RESULT SATISFIED. NO LEAK. DURATION 45 MIN. FUEL USED: 500KG.,0,0,0,0,0,0,0,0,-,-,-,-,-,-,-,-
PK-PWA,A0000235,2022-06-28,-,-,-,-,MAREP,,PERFORM BD CHECK,PERFORMED BD CHECK PER FORM F.MNT.M.102,0,0,0,0,0,0,0,0,-,-,-,-,-,-,-,-
PK-PWA,A0000236,2022-06-29,IP-100,CGK,DPS,DPS,PIREP,,NIL,-,0,0,0,0,0,0,0,0,-,-,-,-,-,-,-,-
PK-PWA,A0000236,2022-06-29,IP-101,DPS,CGK,CGK,PIREP,,NIL,-,0,0,0,0,0,0,0,0,-,-,-,-,-,-,-,-
PK-PWA,A0000237,2022-06-29,-,-,-,-,MAREP,,PERFORM 24H CHECK,PERFORMED 24H CHECK PER FORM F.MNT.103,0,0,0,0,0,0,0,0,-,-,-,-,-,-,-,-
PK-PWA,A0000238,2022-06-29,-,-,-,-,MAREP,,PERFORM BD CHECK,PERFORMED BD CHECK PER FORM F.MNT.M.102,0,0,0,0,0,0,0,0,-,-,-,-,-,-,-,-
PK-PWA,A0000238,2022-06-29,-,-,-,-,MAREP,,"REF CML SEQ NO C0000216 D3 DURING BD CHECK FOUND CABIN HAND SET 4L CANT ""PA""",AFTER CHECK HANDSET WAS BAD. D/T CGK NIL SPARE INSERT TO HIL REF MEL 23-73-06-02A,0,0,0,0,0,0,0,0,-,-,-,-,-,-,23-73-06-02A,C
PK-PWA,,2022-07-04,,,,,,,,,0,0,0,0,0,0,0,0,,,,,,,,
PK-PWA,,2022-07-04,,,,,,,,,2,1,0,0,0,0,0,0,,,,,,,,
PK-PWA,,2022-07-04,,,,,,,,,0,0,0,0,0,0,0,0,,,,,,,,
PK-PWA,,2022-07-04,,,,,,,,,0,0,0,0,0,0,0,0,,,,,,,,
PK-PWA,,2022-07-05,,,,,,,,,0,0,0,0,0,0,0,0,,,,,,,,
PK-PWA,,2022-07-05,,,,,,,,,0,0,0,0,0,0,0,0,,,,,,,,
PK-PWA,,2022-07-05,,,,,,,,,1,1,1,0,1,0,0,0,,,,,,,,
PK-PWA,,2022-07-05,,,,,,,,,0,0,0,0,0,0,0,0,,,,,,,,
PK-PWA,,2022-07-05,,,,,,,,,0,0,0,0,0,0,0,0,,,,,,,,
PK-PWA,,2022-07-06,,,,,,,,,0,0,0,0,0,0,0,0,,,,,,,,
PK-PWA,,2022-07-06,,,,,,,,,0,0,0,0,0,0,0,0,,,,,,,,
PK-PWA,,2022-07-06,,,,,,,,,2,1,0,0,0,0,0,0,,,,,,,,
PK-PWA,,2022-07-06,,,,,,,,,0,0,0,0,0,0,0,0,,,,,,,,
PK-PWA,,2022-07-07,,,,,,,,,0,0,0,0,0,0,0,0,,,,,,,,
PK-PWA,,2022-07-07,,,,,,,,,0,0,0,0,0,0,0,0,,,,,,,,
PK-PWA,,2022-07-07,,,,,,,,,0,0,0,0,0,0,0,0,,,,,,,,
PK-PWA,,2022-07-07,,,,,,,,,0,0,0,0,0,0,0,0,,,,,,,,
PK-PWA,,2022-07-07,,,,,,,,,0,0,0,0,0,0,0,0,,,,,,,,
PK-PWA,,2022-07-08,,,,,,,,,0,0,0,0,0,0,0,0,,,,,,,,
PK-PWA,,2022-07-08,,,,,,,,,0,0,0,0,0,0,0,0,,,,,,,,
PK-PWA,,2022-07-08,,,,,,,,,0,0,0,0,0,0,0,0,,,,,,,,
PK-PWA,,2022-07-08,,,,,,,,,1,1,0,0,0,0,0,0,,,,,,,,
PK-PWA,,2022-07-08,,,,,,,,,0,0,0,0,0,0,0,0,,,,,,,,
PK-PWA,,2022-07-08,,,,,,,,,0,0,0,0,0,0,0,0,,,,,,,,
PK-PWA,,2022-07-09,,,,,,,,,0,0,0,0,0,0,0,0,,,,,,,,
PK-PWA,,2022-07-09,,,,,,,,,0,0,0,0,0,0,0,0,,,,,,,,
PK-PWA,,2022-07-09,,,,,,,,,0,0,0,0,0,0,0,0,,,,,,,,
PK-PWA,,2022-07-09,,,,,,,,,0,0,0,0,0,0,0,0,,,,,,,,
PK-PWA,,2022-07-09,,,,,,,,,0,0,0,0,0,0,0,0,,,,,,,,
PK-PWA,,2022-07-09,,,,,,,,,1,1,0,0,0,0,0,0,,,,,,,,
PK-PWA,,2022-07-09,,,,,,,,,0,0,0,0,0,0,0,0,,,,,,,,
PK-PWA,,2022-07-09,,,,,,,,,0,0,0,0,0,0,0,0,,,,,,,,
PK-PWA,,2022-07-09,,,,,,,,,0,0,0,0,0,0,0,0,,,,,,,,
PK-PWA,,2022-07-09,,,,,,,,,0,0,0,0,0,0,0,0,,,,,,,,
PK-PWA,,2022-07-09,,,,,,,,,0,0,0,0,0,0,0,0,,,,,,,,
PK-PWA,,2022-07-09,,,,,,,,,0,0,0,0,0,0,0,0,,,,,,,,
PK-PWA,,2022-07-13,,,,,,,,,0,0,0,0,0,0,0,0,,,,,,,,
PK-PWA,,2022-07-13,,,,,,,,,0,0,0,0,0,0,0,0,,,,,,,,
PK-PWA,,2022-07-13,,,,,,,,,0,0,0,0,0,0,0,0,,,,,,,,
PK-PWA,,2022-07-14,,,,,,,,,0,0,0,0,0,0,0,0,,,,,,,,
PK-PWA,,2022-07-14,,,,,,,,,0,0,0,0,0,0,0,0,,,,,,,,
PK-PWA,,2022-07-14,,,,,,,,,0,0,0,0,0,0,0,0,,,,,,,,
PK-PWA,,2022-07-14,,,,,,,,,0,0,0,0,0,0,0,0,,,,,,,,
PK-PWA,,2022-07-14,,,,,,,,,0,0,0,0,0,0,0,0,,,,,,,,
PK-PWA,,2022-07-14,,,,,,,,,0,0,0,0,0,0,0,0,,,,,,,,
PK-PWA,,2022-07-14,,,,,,,,,1,2,0,0,0,0,0,0,,,,,,,,
PK-PWA,,2022-07-14,,,,,,,,,0,0,0,0,0,0,0,0,,,,,,,,
PK-PWA,,2022-07-15,,,,,,,,,1,2,0,0,0,0,0,0,,,,,,,,
PK-PWA,,2022-07-15,,,,,,,,,0,0,0,0,0,0,0,0,,,,,,,,
PK-PWA,,2022-07-15,,,,,,,,,0,0,0,0,0,0,0,0,,,,,,,,
PK-PWA,,2022-07-15,,,,,,,,,0,0,0,0,0,0,0,0,,,,,,,,
PK-PWA,,2022-07-15,,,,,,,,,0,0,0,0,0,0,0,0,,,,,,,,
PK-PWA,,2022-07-15,,,,,,,,,0,0,0,0,0,0,0,0,,,,,,,,
PK-PWA,,2022-07-16,,,,,,,,,0,0,0,0,0,0,0,0,,,,,,,,
PK-PWA,,2022-07-16,,,,,,,,,0,0,0,0,0,0,0,0,,,,,,,,
PK-PWA,,2022-07-16,,,,,,,,,0,0,0,0,0,0,0,0,,,,,,,,
PK-PWA,,2022-07-16,,,,,,,,,1,1,0,0,0,0,0,0,,,,,,,,
PK-PWA,,2022-07-16,,,,,,,,,0,0,0,0,0,0,0,0,,,,,,,,
PK-PWA,,2022-07-16,,,,,,,,,0,0,0,0,0,0,0,0,,,,,,,,
PK-PWA,,2022-07-17,,,,,,,,,0,0,0,0,0,0,0,0,,,,,,,,
PK-PWA,,2022-07-17,,,,,,,,,0,0,0,0,0,0,0,0,,,,,,,,
PK-PWA,,2022-07-17,,,,,,,,,0,0,0,0,0,0,0,0,,,,,,,,
PK-PWA,,2022-07-17,,,,,,,,,0,0,0,0,0,0,0,0,,,,,,,,
PK-PWA,,2022-07-17,,,,,,,,,0,0,0,0,0,0,0,0,,,,,,,,
PK-PWA,,2022-07-17,,,,,,,,,0,0,0,0,0,0,0,0,,,,,,,,
PK-PWA,,2022-07-17,,,,,,,,,1,1,0,0,0,0,0,0,,,,,,,,
PK-PWA,,2022-07-18,,,,,,,,,0,0,0,0,0,0,0,0,,,,,,,,
PK-PWA,,2022-07-18,,,,,,,,,0,0,0,0,0,0,0,0,,,,,,,,
PK-PWA,,2022-07-18,,,,,,,,,0,0,0,0,0,0,0,0,,,,,,,,
PK-PWA,,2022-07-18,,,,,,,,,0,0,0,0,0,0,0,0,,,,,,,,
PK-PWA,,2022-07-18,,,,,,,,,0,0,0,0,0,0,0,0,,,,,,,,
PK-PWA,,2022-07-18,,,,,,,,,0,0,0,0,0,0,0,0,,,,,,,,
PK-PWA,,2022-07-18,,,,,,,,,0,0,0,0,0,0,0,0,,,,,,,,
PK-PWA,,2022-07-19,,,,,,,,,0,0,0,0,0,0,0,0,,,,,,,,
PK-PWA,,2022-07-19,,,,,,,,,0,0,0,0,0,0,0,0,,,,,,,,
PK-PWA,,2022-07-19,,,,,,,,,0,0,0,0,0,0,0,0,,,,,,,,
PK-PWA,,2022-07-19,,,,,,,,,0,0,0,0,0,0,0,0,,,,,,,,
PK-PWA,,2022-07-19,,,,,,,,,0,0,0,0,0,0,0,0,,,,,,,,
PK-PWA,,2022-07-19,,,,,,,,,0,0,0,0,0,0,0,0,,,,,,,,
PK-PWA,,2022-07-19,,,,,,,,,2,2,0,0,0,0,0,0,,,,,,,,
PK-PWA,,2022-07-20,,,,,,,,,0,0,0,0,0,0,0,0,,,,,,,,
PK-PWA,,2022-07-20,,,,,,,,,0,1,0,0,0,0,0,0,,,,,,,,
PK-PWA,,2022-07-20,,,,,,,,,0,0,0,0,0,0,0,0,,,,,,,,
PK-PWA,,2022-07-20,,,,,,,,,0,0,0,0,0,0,0,0,,,,,,,,
PK-PWA,,2022-07-20,,,,,,,,,0,0,0,0,0,0,0,0,,,,,,,,
PK-PWA,,2022-07-20,,,,,,,,,0,0,0,0,0,0,0,0,,,,,,,,
PK-PWA,,2022-07-20,,,,,,,,,0,0,0,0,0,0,0,0,,,,,,,,
PK-PWA,,2022-07-21,,,,,,,,,0,0,0,0,0,0,0,0,,,,,,,,
PK-PWA,,2022-07-21,,,,,,,,,0,0,0,0,0,0,0,0,,,,,,,,
PK-PWA,,2022-07-21,,,,,,,,,0,0,0,0,0,0,0,0,,,,,,,,
PK-PWA,,2022-07-21,,,,,,,,,0,0,0,0,0,0,0,0,,,,,,,,
PK-PWA,,2022-07-21,,,,,,,,,0,0,0,0,0,0,0,0,,,,,,,,
PK-PWA,,2022-07-21,,,,,,,,,0,0,0,0,0,0,0,0,,,,,,,,
PK-PWA,,2022-07-21,,,,,,,,,0,0,0,0,0,0,0,0,,,,,,,,
PK-PWA,,2022-07-21,,,,,,,,,2,2,0,0,0,0,0,0,,,,,,,,
PK-PWA,,2022-07-22,,,,,,,,,0,0,0,0,0,0,0,0,,,,,,,,
PK-PWA,,2022-07-22,,,,,,,,,0,0,0,0,2,0,0,0,,,,,,,,
PK-PWA,,2022-07-22,,,,,,,,,0,0,0,0,0,0,0,0,,,,,,,,
PK-PWA,,2022-07-22,,,,,,,,,0,0,0,0,0,0,0,0,,,,,,,,
PK-PWA,,2022-07-23,,,,,,,,,0,0,0,0,0,0,0,0,,,,,,,,
PK-PWA,,2022-07-23,,,,,,,,,0,0,0,0,0,0,0,0,,,,,,,,
PK-PWA,,2022-07-23,,,,,,,,,1,1,0,0,0,0,0,0,,,,,,,,
PK-PWA,,2022-07-23,,,,,,,,,0,0,0,0,0,0,0,0,,,,,,,,
PK-PWA,,2022-07-23,,,,,,,,,0,0,0,0,0,0,0,0,,,,,,,,
PK-PWA,,2022-07-23,,,,,,,,,0,0,0,0,0,0,0,0,,,,,,,,
PK-PWA,,2022-07-24,,,,,,,,,0,0,0,0,0,0,0,0,,,,,,,,
PK-PWA,,2022-07-24,,,,,,,,,0,0,0,0,0,0,0,0,,,,,,,,
PK-PWA,,2022-07-24,,,,,,,,,0,0,0,0,0,0,0,0,,,,,,,,
PK-PWA,,2022-07-24,,,,,,,,,2,2,0,0,0,0,0,0,,,,,,,,
PK-PWC,,2022-07-01,,,,,,,,,0,0,0,0,0,0,0,0,,,,,,,,
PK-PWC,,2022-07-01,,,,,,,,,0,0,0,0,0,0,0,0,,,,,,,,
PK-PWC,,2022-07-01,,,,,,,,,0,0,0,0,0,0,0,0,,,,,,,,
PK-PWC,,2022-07-01,,,,,,,,,0,0,0,0,0,0,0,0,,,,,,,,
PK-PWC,,2022-07-01,,,,,,,,,0,0,0,0,0,0,0,0,,,,,,,,
PK-PWC,,2022-07-01,,,,,,,,,0,0,0,0,0,0,0,0,,,,,,,,
PK-PWC,,2022-07-02,,,,,,,,,0,0,0,0,0,0,0,0,,,,,,,,
PK-PWC,,2022-07-02,,,,,,,,,0,0,0,0,0,0,0,0,,,,,,,,
PK-PWC,,2022-07-02,,,,,,,,,1,2,0,0,0,0,0,0,,,,,,,,
PK-PWC,,2022-07-02,,,,,,,,,0,0,0,0,0,0,0,0,,,,,,,,
PK-PWC,,2022-07-02,,,,,,,,,0,0,0,0,0,0,0,0,,,,,,,,
PK-PWC,,2022-07-02,,,,,,,,,0,0,0,0,0,0,0,0,,,,,,,,
PK-PWC,,2022-07-03,,,,,,,,,0,0,0,0,0,0,0,0,,,,,,,,
PK-PWC,,2022-07-03,,,,,,,,,0,0,0,0,0,0,0,0,,,,,,,,
PK-PWC,,2022-07-03,,,,,,,,,0,0,0,0,0,0,0,0,,,,,,,,
PK-PWC,,2022-07-03,,,,,,,,,0,0,0,0,0,0,0,0,,,,,,,,
PK-PWC,,2022-07-03,,,,,,,,,0,0,0,0,0,0,0,0,,,,,,,,
PK-PWC,,2022-07-03,,,,,,,,,0,0,0,0,0,0,0,0,,,,,,,,
PK-PWC,,2022-07-04,,,,,,,,,0,1,0,0,0,0,0,0,,,,,,,,
PK-PWC,,2022-07-04,,,,,,,,,0,0,0,0,0,0,0,0,,,,,,,,
PK-PWC,,2022-07-04,,,,,,,,,0,2,1,0,0,0,0,0,,,,,,,,
PK-PWC,,2022-07-04,,,,,,,,,0,0,0,0,0,0,0,0,,,,,,,,
PK-PWC,,2022-07-04,,,,,,,,,0,0,0,0,0,0,0,0,,,,,,,,
PK-PWC,,2022-07-04,,,,,,,,,0,0,0,0,0,0,0,0,,,,,,,,
PK-PWC,,2022-07-05,,,,,,,,,0,0,0,0,0,0,0,0,,,,,,,,
PK-PWC,,2022-07-05,,,,,,,,,0,0,0,0,0,0,0,0,,,,,,,,
PK-PWC,,2022-07-05,,,,,,,,,0,0,0,0,0,0,0,0,,,,,,,,
PK-PWC,,2022-07-05,,,,,,,,,0,0,0,0,0,0,0,0,,,,,,,,
PK-PWC,,2022-07-05,,,,,,,,,0,0,0,0,0,0,0,0,,,,,,,,
PK-PWC,,2022-07-05,,,,,,,,,0,0,0,0,0,0,0,0,,,,,,,,
PK-PWC,,2022-07-05,,,,,,,,,0,0,0,0,0,0,0,0,,,,,,,,
PK-PWC,,2022-07-05,,,,,,,,,0,0,0,0,0,0,0,0,,,,,,,,
PK-PWC,,2022-07-06,,,,,,,,,2,2,0,0,0,0,0,0,,,,,,,,
PK-PWC,,2022-07-06,,,,,,,,,0,0,0,0,0,0,0,0,,,,,,,,
PK-PWC,,2022-07-06,,,,,,,,,0,0,0,0,0,0,0,0,,,,,,,,
PK-PWC,,2022-07-06,,,,,,,,,0,0,0,0,0,0,0,0,,,,,,,,
PK-PWC,,2022-07-06,,,,,,,,,0,0,0,0,0,0,0,0,,,,,,,,
PK-PWC,,2022-07-07,,,,,,,,,0,0,0,0,0,0,0,0,,,,,,,,
PK-PWC,,2022-07-07,,,,,,,,,0,0,0,0,0,0,0,0,,,,,,,,
PK-PWC,,2022-07-07,,,,,,,,,0,0,0,0,0,0,0,0,,,,,,,,
PK-PWC,,2022-07-07,,,,,,,,,0,0,0,0,0,0,0,0,,,,,,,,
PK-PWC,,2022-07-07,,,,,,,,,0,0,0,0,0,0,0,0,,,,,,,,
PK-PWC,,2022-07-07,,,,,,,,,0,0,0,0,0,0,0,0,,,,,,,,
PK-PWC,,2022-07-08,,,,,,,,,0,0,0,0,0,0,0,0,,,,,,,,
PK-PWC,,2022-07-08,,,,,,,,,0,0,0,0,0,0,0,0,,,,,,,,
PK-PWC,,2022-07-08,,,,,,,,,0,0,0,0,0,0,0,0,,,,,,,,
PK-PWC,,2022-07-08,,,,,,,,,0,0,0,0,0,0,0,0,,,,,,,,
PK-PWC,,2022-07-08,,,,,,,,,0,1,0,0,0,0,0,1,,,,,,,,
PK-PWC,,2022-07-08,,,,,,,,,0,0,0,0,0,0,0,0,,,,,,,,
PK-PWC,,2022-07-08,,,,,,,,,0,0,0,0,0,0,0,0,,,,,,,,
PK-PWC,,2022-07-08,,,,,,,,,0,0,0,0,0,0,0,0,,,,,,,,
PK-PWC,,2022-07-09,,,,,,,,,0,0,0,0,0,0,0,0,,,,,,,,
PK-PWC,,2022-07-09,,,,,,,,,0,0,0,0,0,0,0,0,,,,,,,,
PK-PWC,,2022-07-09,,,,,,,,,0,0,0,0,0,0,0,0,,,,,,,,
PK-PWC,,2022-07-09,,,,,,,,,1,0,0,0,0,0,0,0,,,,,,,,
PK-PWC,,2022-07-09,,,,,,,,,0,0,0,0,0,0,0,0,,,,,,,,
PK-PWC,,2022-07-10,,,,,,,,,0,0,0,0,0,0,0,0,,,,,,,,
PK-PWC,,2022-07-10,,,,,,,,,1,1,0,0,0,0,0,0,,,,,,,,
PK-PWC,,2022-07-10,,,,,,,,,0,0,0,0,0,0,0,0,,,,,,,,
PK-PWC,,2022-07-11,,,,,,,,,0,0,0,0,0,0,0,0,,,,,,,,
PK-PWC,,2022-07-11,,,,,,,,,0,0,0,0,0,0,0,0,,,,,,,,
PK-PWC,,2022-07-11,,,,,,,,,0,0,0,0,0,0,0,0,,,,,,,,
PK-PWC,,2022-07-11,,,,,,,,,0,0,0,0,0,0,0,0,,,,,,,,
PK-PWC,,2022-07-11,,,,,,,,,0,0,0,0,0,0,0,0,,,,,,,,
PK-PWC,,2022-07-11,,,,,,,,,0,0,0,0,0,0,0,0,,,,,,,,
PK-PWC,,2022-07-11,,,,,,,,,0,0,0,0,0,0,0,0,,,,,,,,
PK-PWC,,2022-07-11,,,,,,,,,0,0,0,0,0,0,0,0,,,,,,,,
PK-PWC,,2022-07-12,,,,,,,,,0,0,0,0,0,0,0,0,,,,,,,,
PK-PWC,,2022-07-12,,,,,,,,,0,0,0,0,0,0,0,0,,,,,,,,
PK-PWC,,2022-07-12,,,,,,,,,0,0,0,0,0,0,0,0,,,,,,,,
PK-PWC,,2022-07-12,,,,,,,,,0,0,0,0,0,0,0,0,,,,,,,,
PK-PWC,,2022-07-12,,,,,,,,,0,0,0,0,0,0,0,0,,,,,,,,
PK-PWC,,2022-07-12,,,,,,,,,0,0,0,0,0,0,0,0,,,,,,,,
PK-PWC,,2022-07-12,,,,,,,,,0,0,0,0,0,0,0,0,,,,,,,,
PK-PWC,,2022-07-12,,,,,,,,,1,2,0,0,0,0,0,0,,,,,,,,
PK-PWC,,2022-07-12,,,,,,,,,0,0,0,0,0,0,0,0,,,,,,,,
PK-PWC,,2022-07-12,,,,,,,,,0,0,0,0,0,0,0,0,,,,,,,,
PK-PWC,,2022-07-13,,,,,,,,,0,0,0,0,0,0,0,0,,,,,,,,
PK-PWC,,2022-07-13,,,,,,,,,0,0,0,0,0,0,0,0,,,,,,,,
PK-PWC,,2022-07-13,,,,,,,,,0,0,0,0,0,0,0,0,,,,,,,,
PK-PWC,,2022-07-13,,,,,,,,,0,0,0,0,0,0,0,0,,,,,,,,
PK-PWC,,2022-07-13,,,,,,,,,0,0,0,0,0,0,0,0,,,,,,,,
PK-PWC,,2022-07-13,,,,,,,,,0,0,0,0,0,0,0,0,,,,,,,,
PK-PWC,,2022-07-13,,,,,,,,,0,0,0,0,0,0,0,0,,,,,,,,
PK-PWC,,2022-07-13,,,,,,,,,1,1,0,0,0,0,0,0,,,,,,,,
PK-PWC,,2022-07-13,,,,,,,,,0,0,0,0,0,0,0,0,,,,,,,,
PK-PWC,,2022-07-14,,,,,,,,,0,0,0,0,0,0,0,0,,,,,,,,
PK-PWC,,2022-07-14,,,,,,,,,0,0,0,0,0,0,0,0,,,,,,,,
PK-PWC,,2022-07-14,,,,,,,,,0,0,0,0,0,0,0,0,,,,,,,,
PK-PWC,,2022-07-14,,,,,,,,,2,2,0,0,0,0,0,0,,,,,,,,
PK-PWC,,2022-07-14,,,,,,,,,0,0,0,0,0,0,0,0,,,,,,,,
PK-PWC,,2022-07-15,,,,,,,,,0,0,0,0,0,0,0,0,,,,,,,,
PK-PWC,,2022-07-15,,,,,,,,,0,0,0,0,0,0,0,0,,,,,,,,
PK-PWC,,2022-07-15,,,,,,,,,0,0,0,0,0,0,0,0,,,,,,,,
PK-PWC,,2022-07-15,,,,,,,,,0,0,0,0,0,0,0,0,,,,,,,,
PK-PWC,,2022-07-15,,,,,,,,,0,0,0,0,0,0,0,0,,,,,,,,
PK-PWC,,2022-07-15,,,,,,,,,0,0,0,0,0,0,0,0,,,,,,,,
PK-PWC,,2022-07-16,,,,,,,,,0,0,0,0,0,0,0,0,,,,,,,,
PK-PWC,,2022-07-16,,,,,,,,,0,0,0,0,0,0,0,0,,,,,,,,
PK-PWC,,2022-07-16,,,,,,,,,0,0,0,0,0,0,0,0,,,,,,,,
PK-PWC,,2022-07-16,,,,,,,,,1,1,0,0,0,0,0,0,,,,,,,,
PK-PWC,,2022-07-16,,,,,,,,,0,0,0,0,0,0,0,0,,,,,,,,
PK-PWC,,2022-07-17,,,,,,,,,0,0,0,0,0,0,0,0,,,,,,,,
PK-PWC,,2022-07-17,,,,,,,,,0,0,0,0,0,0,0,0,,,,,,,,
PK-PWC,,2022-07-17,,,,,,,,,0,0,0,0,0,0,0,0,,,,,,,,
PK-PWC,,2022-07-17,,,,,,,,,0,0,0,0,0,0,0,0,,,,,,,,
PK-PWC,,2022-07-17,,,,,,,,,0,0,0,0,0,0,0,0,,,,,,,,
PK-PWC,,2022-07-17,,,,,,,,,0,0,0,0,0,0,0,0,,,,,,,,
PK-PWC,,2022-07-18,,,,,,,,,0,0,0,0,0,0,0,0,,,,,,,,
PK-PWC,,2022-07-18,,,,,,,,,0,0,0,0,0,0,0,0,,,,,,,,
PK-PWC,,2022-07-18,,,,,,,,,0,0,0,0,0,0,0,0,,,,,,,,
PK-PWC,,2022-07-18,,,,,,,,,1,1,0,0,0,0,0,0,,,,,,,,
PK-PWC,,2022-07-18,,,,,,,,,0,0,0,0,0,0,0,0,,,,,,,,
PK-PWC,,2022-07-18,,,,,,,,,0,0,0,0,0,0,0,0,,,,,,,,
PK-PWC,,2022-07-19,,,,,,,,,0,0,0,0,0,0,0,0,,,,,,,,
PK-PWC,,2022-07-19,,,,,,,,,0,0,0,0,0,0,0,0,,,,,,,,
PK-PWC,,2022-07-19,,,,,,,,,0,0,0,0,0,0,0,0,,,,,,,,
PK-PWC,,2022-07-19,,,,,,,,,0,0,0,0,0,0,0,0,,,,,,,,
PK-PWC,,2022-07-19,,,,,,,,,0,0,0,0,0,0,0,0,,,,,,,,
PK-PWC,,2022-07-20,,,,,,,,,1,1,0,0,0,0,0,0,,,,,,,,
PK-PWC,,2022-07-20,,,,,,,,,0,0,0,0,0,0,0,0,,,,,,,,
PK-PWC,,2022-07-20,,,,,,,,,0,0,0,0,0,0,0,0,,,,,,,,
PK-PWC,,2022-07-20,,,,,,,,,0,0,0,0,0,0,0,0,,,,,,,,
PK-PWC,,2022-07-20,,,,,,,,,0,0,0,0,0,0,0,0,,,,,,,,
PK-PWC,,2022-07-20,,,,,,,,,0,0,0,0,0,0,0,0,,,,,,,,
PK-PWC,,2022-07-20,,,,,,,,,0,0,0,0,0,0,0,0,,,,,,,,
PK-PWC,,2022-07-20,,,,,,,,,0,0,0,0,0,0,0,0,,,,,,,,
PK-PWC,,2022-07-21,,,,,,,,,0,0,0,0,0,0,0,0,,,,,,,,
PK-PWC,,2022-07-21,,,,,,,,,1,1,0,0,0,0,0,0,,,,,,,,
PK-PWC,,2022-07-21,,,,,,,,,0,0,0,0,0,0,0,0,,,,,,,,
PK-PWC,,2022-07-21,,,,,,,,,0,0,0,0,0,0,0,0,,,,,,,,
PK-PWC,,2022-07-21,,,,,,,,,0,0,0,0,0,0,0,0,,,,,,,,
PK-PWC,,2022-07-22,,,,,,,,,0,0,0,0,0,0,0,0,,,,,,,,
PK-PWC,,2022-07-22,,,,,,,,,0,0,0,0,0,0,0,0,,,,,,,,
PK-PWC,,2022-07-22,,,,,,,,,0,0,0,0,0,0,0,0,,,,,,,,
PK-PWC,,2022-07-22,,,,,,,,,1,2,0,0,0,0,0,0,,,,,,,,
PK-PWC,,2022-07-22,,,,,,,,,0,0,0,0,0,0,0,0,,,,,,,,
PK-PWC,,2022-07-22,,,,,,,,,0,0,0,0,0,0,0,0,,,,,,,,
PK-PWC,,2022-07-22,,,,,,,,,0,0,0,0,0,0,0,0,,,,,,,,
PK-PWC,,2022-07-22,,,,,,,,,0,0,0,0,0,0,0,0,,,,,,,,
PK-PWC,,2022-07-23,,,,,,,,,0,0,0,0,0,0,0,0,,,,,,,,
PK-PWC,,2022-07-23,,,,,,,,,0,0,0,0,0,0,0,0,,,,,,,,
PK-PWC,,2022-07-23,,,,,,,,,0,0,0,0,0,0,0,0,,,,,,,,
PK-PWC,,2022-07-23,,,,,,,,,1,1,0,0,0,0,0,0,,,,,,,,
PK-PWC,,2022-07-23,,,,,,,,,0,0,0,0,0,0,0,0,,,,,,,,
PK-PWC,,2022-07-24,,,,,,,,,0,0,0,0,0,0,0,0,,,,,,,,
PK-PWC,,2022-07-24,,,,,,,,,1,0,0,0,0,0,0,0,,,,,,,,
PK-PWC,,2022-07-24,,,,,,,,,0,0,0,0,0,0,0,0,,,,,,,,
PK-PWC,,2022-07-24,,,,,,,,,0,0,0,0,0,0,0,0,,,,,,,,
PK-PWC,,2022-07-24,,,,,,,,,0,0,0,0,0,0,0,0,,,,,,,,
PK-PWC,,2022-07-24,,,,,,,,,0,0,0,0,0,0,0,0,,,,,,,,
PK-PWC,,2022-07-25,,,,,,,,,0,0,0,0,0,0,0,0,,,,,,,,
PK-PWC,,2022-07-25,,,,,,,,,0,0,0,0,0,0,0,0,,,,,,,,
PK-PWC,,2022-07-25,,,,,,,,,0,0,0,0,0,0,0,0,,,,,,,,
PK-PWC,,2022-07-25,,,,,,,,,1,1,0,0,0,0,0,0,,,,,,,,
PK-PWC,,2022-07-25,,,,,,,,,0,0,0,0,0,0,0,0,,,,,,,,
PK-PWC,,2022-07-25,,,,,,,,,1,1,0,0,0,0,0,0,,,,,,,,
PK-PWC,,2022-07-25,,,,,,,,,0,0,0,0,0,0,0,0,,,,,,,,
PK-PWC,,2022-07-26,,,,,,,,,0,0,0,0,0,0,0,0,,,,,,,,
PK-PWC,,2022-07-26,,,,,,,,,0,0,0,0,0,0,0,0,,,,,,,,
PK-PWC,,2022-07-26,,,,,,,,,0,0,0,0,0,0,0,0,,,,,,,,
PK-PWC,,2022-07-26,,,,,,,,,0,0,0,0,0,0,0,0,,,,,,,,
PK-PWC,,2022-07-26,,,,,,,,,0,0,0,0,0,0,0,0,,,,,,,,
PK-PWC,,2022-07-26,,,,,,,,,2,3,0,8,0,0,0,0,,,,,,,,
PK-PWC,,2022-07-26,,,,,,,,,0,0,0,0,0,0,0,0,,,,,,,,
PK-PWC,,2022-07-26,,,,,,,,,0,0,0,0,0,0,0,0,,,,,,,,
PK-PWC,,2022-07-27,,,,,,,,,0,0,0,0,0,0,0,0,,,,,,,,
PK-PWC,,2022-07-27,,,,,,,,,0,0,0,0,0,0,0,0,,,,,,,,
PK-PWC,,2022-07-27,,,,,,,,,0,0,0,0,0,0,0,0,,,,,,,,
PK-PWC,,2022-07-27,,,,,,,,,0,0,0,0,0,0,0,0,,,,,,,,
PK-PWC,,2022-07-27,,,,,,,,,0,0,0,0,0,0,0,0,,,,,,,,
PK-PWC,,2022-07-27,,,,,,,,,1,1,0,0,8,0,0,0,,,,,,,,
PK-PWC,,2022-07-27,,,,,,,,,0,0,0,0,0,0,0,0,,,,,,,,
PK-PWC,,2022-07-27,,,,,,,,,0,0,0,0,0,0,0,0,,,,,,,,
PK-PWC,,2022-07-27,,,,,,,,,0,0,0,0,0,0,0,0,,,,,,,,
PK-PWC,,2022-07-27,,,,,,,,,0,0,0,0,0,0,0,0,,,,,,,,
PK-PWC,,2022-07-27,,,,,,,,,0,0,0,0,0,0,0,0,,,,,,,,
PK-PWC,,2022-07-27,,,,,,,,,0,0,0,0,0,0,0,0,,,,,,,,
PK-PWC,,2022-07-27,,,,,,,,,0,0,0,0,0,0,0,0,,,,,,,,
PK-PWC,,2022-07-27,,,,,,,,,0,0,0,0,0,0,0,0,,,,,,,,
PK-PWC,,2022-07-28,,,,,,,,,0,0,0,0,0,0,0,0,,,,,,,,
PK-PWC,,2022-07-28,,,,,,,,,2,1,0,0,0,0,0,0,,,,,,,,
PK-PWC,,2022-07-28,,,,,,,,,0,0,0,0,0,0,0,0,,,,,,,,
PK-PWC,,2022-07-28,,,,,,,,,0,0,0,0,0,0,0,0,,,,,,,,
PK-PWC,,2022-07-28,,,,,,,,,0,0,0,0,0,0,0,0,,,,,,,,
PK-PWC,,2022-07-29,,,,,,,,,0,0,0,0,0,0,0,0,,,,,,,,
PK-PWC,,2022-07-29,,,,,,,,,0,0,0,0,0,0,0,0,,,,,,,,
PK-PWC,,2022-07-29,,,,,,,,,0,0,0,0,0,0,0,0,,,,,,,,
PK-PWC,,2022-07-29,,,,,,,,,0,0,0,0,0,0,0,0,,,,,,,,
PK-PWC,,2022-07-29,,,,,,,,,0,0,0,0,0,0,0,0,,,,,,,,
PK-PWC,,2022-07-29,,,,,,,,,0,0,0,0,0,0,0,0,,,,,,,,
PK-PWC,,2022-07-29,,,,,,,,,0,1,0,0,0,0,0,0,,,,,,,,
PK-PWC,,2022-07-29,,,,,,,,,0,0,0,0,0,0,0,0,,,,,,,,
PK-PWC,,2022-07-29,,,,,,,,,0,0,0,0,0,0,0,0,,,,,,,,
PK-PWC,,2022-07-30,,,,,,,,,0,0,0,0,0,0,0,0,,,,,,,,
PK-PWC,,2022-07-30,,,,,,,,,0,0,0,0,0,0,0,0,,,,,,,,
PK-PWC,,2022-07-30,,,,,,,,,1,0,0,0,0,0,0,0,,,,,,,,
PK-PWC,,2022-07-30,,,,,,,,,0,0,0,0,0,0,0,0,,,,,,,,
PK-PWC,,2022-07-30,,,,,,,,,0,0,0,0,0,0,0,0,,,,,,,,
PK-PWC,,2022-07-30,,,,,,,,,0,0,0,0,0,0,0,0,,,,,,,,
PK-PWC,,2022-07-31,,,,,,,,,0,0,0,0,0,0,0,0,,,,,,,,
PK-PWC,,2022-07-31,,,,,,,,,0,0,0,0,0,0,0,0,,,,,,,,
PK-PWC,,2022-07-31,,,,,,,,,0,0,0,0,0,0,0,0,,,,,,,,
PK-PWC,,2022-07-31,,,,,,,,,1,1,0,0,0,0,0,0,,,,,,,,
PK-PWC,,2022-07-31,,,,,,,,,0,0,0,0,0,0,0,0,,,,,,,,
PK-PWC,,2022-07-31,,,,,,,,,0,0,0,0,0,0,0,0,,,,,,,,
PK-PWC,,2022-07-31,,,,,,,,,1,1,0,0,0,0,0,0,,,,,,,,
PK-PWC,,2022-08-01,,,,,,,,,0,0,0,0,0,0,0,0,,,,,,,,
PK-PWC,,2022-08-01,,,,,,,,,0,0,0,0,0,0,0,0,,,,,,,,
PK-PWC,,2022-08-01,,,,,,,,,0,0,0,0,0,0,0,0,,,,,,,,
PK-PWC,,2022-08-01,,,,,,,,,0,0,0,0,0,0,0,0,,,,,,,,
PK-PWC,,2022-08-01,,,,,,,,,0,0,0,0,0,0,0,0,,,,,,,,
PK-PWC,,2022-08-01,,,,,,,,,0,0,0,0,0,0,0,0,,,,,,,,
PK-PWC,,2022-08-02,,,,,,,,,0,0,0,0,0,0,0,0,,,,,,,,
PK-PWC,,2022-08-02,,,,,,,,,0,0,0,0,0,0,0,0,,,,,,,,
PK-PWC,,2022-08-02,,,,,,,,,0,0,0,0,0,0,0,0,,,,,,,,
PK-PWC,,2022-08-02,,,,,,,,,1,1,0,0,0,0,0,0,,,,,,,,
PK-PWC,,2022-08-02,,,,,,,,,0,0,0,0,0,0,0,0,,,,,,,,
PK-PWC,,2022-08-03,,,,,,,,,0,0,0,0,0,0,0,0,,,,,,,,
PK-PWC,,2022-08-03,,,,,,,,,0,0,0,0,0,0,0,0,,,,,,,,
PK-PWC,,2022-08-03,,,,,,,,,0,0,0,0,0,0,0,0,,,,,,,,
PK-PWC,,2022-08-03,,,,,,,,,0,0,0,0,0,0,0,0,,,,,,,,
PK-PWC,,2022-08-04,,,,,,,,,0,0,0,0,0,0,0,0,,,,,,,,
PK-PWC,,2022-08-04,,,,,,,,,0,0,0,0,0,0,0,0,,,,,,,,
PK-PWC,,2022-08-04,,,,,,,,,0,0,0,0,0,0,0,0,,,,,,,,
PK-PWC,,2022-08-04,,,,,,,,,0,0,0,0,0,0,0,0,,,,,,,,
PK-PWC,,2022-08-04,,,,,,,,,1,1,0,0,0,0,0,0,,,,,,,,
PK-PWC,,2022-08-05,,,,,,,,,0,0,0,0,0,0,0,0,,,,,,,,
PK-PWC,,2022-08-05,,,,,,,,,0,0,0,0,0,0,0,0,,,,,,,,
PK-PWC,,2022-08-05,,,,,,,,,0,0,0,0,0,0,0,0,,,,,,,,
PK-PWC,,2022-08-05,,,,,,,,,0,0,0,0,0,0,0,0,,,,,,,,
PK-PWC,,2022-08-05,,,,,,,,,0,0,0,0,0,0,0,0,,,,,,,,
PK-PWC,,2022-08-05,,,,,,,,,0,0,0,0,0,0,0,0,,,,,,,,
PK-PWC,,2022-08-05,,,,,,,,,0,0,0,0,0,0,0,0,,,,,,,,
PK-PWC,,2022-08-05,,,,,,,,,0,0,0,0,0,0,0,0,,,,,,,,
PK-PWC,,2022-08-06,,,,,,,,,0,0,0,0,0,0,0,0,,,,,,,,
PK-PWC,,2022-08-06,,,,,,,,,0,0,0,0,0,0,0,0,,,,,,,,
PK-PWC,,2022-08-06,,,,,,,,,0,0,0,0,0,0,0,0,,,,,,,,
PK-PWC,,2022-08-06,,,,,,,,,1,2,0,0,0,0,0,0,,,,,,,,
PK-PWC,,2022-08-06,,,,,,,,,0,0,0,0,0,0,0,0,,,,,,,,
PK-PWC,,2022-08-06,,,,,,,,,0,0,0,0,0,0,0,0,,,,,,,,
PK-PWC,,2022-08-07,,,,,,,,,0,0,0,0,0,0,0,0,,,,,,,,
PK-PWC,,2022-08-07,,,,,,,,,0,0,0,0,0,0,0,0,,,,,,,,
PK-PWC,,2022-08-08,,,,,,,,,0,0,0,0,0,0,0,0,,,,,,,,
PK-PWC,,2022-08-08,,,,,,,,,0,0,0,0,0,0,0,0,,,,,,,,
PK-PWC,,2022-08-08,,,,,,,,,0,0,0,0,0,0,0,0,,,,,,,,
PK-PWC,,2022-08-08,,,,,,,,,0,0,0,0,0,0,0,0,,,,,,,,
PK-PWC,,2022-08-08,,,,,,,,,0,0,0,0,0,0,0,0,,,,,,,,
PK-PWC,,2022-08-08,,,,,,,,,1,1,0,0,0,0,0,0,,,,,,,,
PK-PWC,,2022-08-08,,,,,,,,,0,0,0,0,0,0,0,0,,,,,,,,
PK-PWC,,2022-08-09,,,,,,,,,0,0,0,0,0,0,0,0,,,,,,,,
PK-PWC,,2022-08-09,,,,,,,,,0,0,0,0,0,0,0,0,,,,,,,,
PK-PWC,,2022-08-09,,,,,,,,,0,0,0,0,0,0,0,0,,,,,,,,
PK-PWC,,2022-08-09,,,,,,,,,0,0,0,0,0,0,0,0,,,,,,,,
PK-PWC,,2022-08-09,,,,,,,,,0,0,0,0,0,0,0,0,,,,,,,,
PK-PWC,,2022-08-09,,,,,,,,,1,1,0,0,0,0,0,0,,,,,,,,
PK-PWC,,2022-08-10,,,,,,,,,0,0,0,0,0,0,0,0,,,,,,,,
PK-PWC,,2022-08-10,,,,,,,,,0,0,0,0,0,0,0,0,,,,,,,,
PK-PWC,,2022-08-10,,,,,,,,,0,0,0,0,0,0,0,0,,,,,,,,
PK-PWC,,2022-08-10,,,,,,,,,0,0,0,0,0,0,0,0,,,,,,,,
PK-PWC,,2022-08-10,,,,,,,,,0,0,0,0,0,0,0,0,,,,,,,,
PK-PWC,,2022-08-10,,,,,,,,,1,1,0,0,0,0,0,0,,,,,,,,
PK-PWC,,2022-08-10,,,,,,,,,0,0,0,0,0,0,0,0,,,,,,,,
PK-PWC,,2022-08-10,,,,,,,,,0,0,0,0,0,0,0,0,,,,,,,,
PK-PWC,,2022-08-11,,,,,,,,,0,0,0,0,0,0,0,0,,,,,,,,
PK-PWC,,2022-08-11,,,,,,,,,0,0,0,0,0,0,0,0,,,,,,,,
PK-PWC,,2022-08-11,,,,,,,,,0,0,0,0,0,0,0,0,,,,,,,,
PK-PWC,,2022-08-11,,,,,,,,,0,0,0,0,0,0,0,0,,,,,,,,
PK-PWC,,2022-08-11,,,,,,,,,0,0,0,0,0,0,0,0,,,,,,,,
PK-PWC,,2022-08-11,,,,,,,,,0,0,0,0,0,0,0,0,,,,,,,,
PK-PWC,,2022-08-11,,,,,,,,,1,0,0,0,0,0,0,0,,,,,,,,
PK-PWC,,2022-08-12,,,,,,,,,0,0,0,0,0,0,0,0,,,,,,,,
PK-PWC,,2022-08-13,,,,,,,,,0,0,0,0,0,0,0,0,,,,,,,,
PK-PWC,,2022-08-13,,,,,,,,,0,0,0,0,0,0,0,0,,,,,,,,
PK-PWC,,2022-08-13,,,,,,,,,0,0,0,0,0,0,0,0,,,,,,,,
PK-PWC,,2022-08-13,,,,,,,,,0,0,0,0,0,0,0,0,,,,,,,,
PK-PWC,,2022-08-13,,,,,,,,,0,0,0,0,0,0,0,0,,,,,,,,
PK-PWC,,2022-08-13,,,,,,,,,0,0,0,0,0,0,0,0,,,,,,,,
PK-PWC,,2022-08-13,,,,,,,,,0,0,0,0,0,0,0,0,,,,,,,,
PK-PWC,,2022-08-13,,,,,,,,,0,0,0,0,0,0,0,0,,,,,,,,
PK-PWC,,2022-08-14,,,,,,,,,0,0,0,0,0,0,0,0,,,,,,,,
PK-PWC,,2022-08-14,,,,,,,,,0,0,0,0,0,0,0,0,,,,,,,,
PK-PWC,,2022-08-14,,,,,,,,,0,0,0,0,0,0,0,0,,,,,,,,
PK-PWC,,2022-08-14,,,,,,,,,2,2,0,0,0,0,0,0,,,,,,,,
PK-PWA,,2022-07-29,,,,,,,,,0,1,1,0,0,0,0,0,,,,,,,,
PK-PWA,,2022-07-30,,,,,,,,,1,1,0,0,0,0,0,0,,,,,,,,
PK-PWA,,2022-07-31,,,,,,,,,0,0,0,0,0,0,0,0,,,,,,,,
PK-PWA,,2022-08-02,,,,,,,,,1,1,0,0,0,0,0,0,,,,,,,,
PK-PWA,,2022-08-03,,,,,,,,,1,1,0,0,0,0,0,0,,,,,,,,
PK-PWA,,2022-08-04,,,,,,,,,0,0,0,0,0,0,0,0,,,,,,,,
PK-PWA,,2022-08-04,,,,,,,,,0,1,0,0,0,0,0,0,,,,,,,,
PK-PWA,,2022-08-05,,,,,,,,,0,0,0,0,0,0,0,0,,,,,,,,
PK-PWA,,2022-08-05,,,,,,,,,3,2,0,0,0,0,0,0,,,,,,,,
PK-PWD,,2022-07-22,,MPL,MPL,,PIREP,5,"WITH CLEAN CONFIGURATION, EXPERIENCED MODERATE AIRCRAFT VIBS DURING CLIMB FROM FL250 TO FL290. AIRSPEED AROUND 290 KT. VIBRATION INTESIFIED WHEN NOSE DOWN ELEVATOR INPUT SIMILAR TO BUFFETING",VISUAL INSP OF EXT AIRCRAFT FOUND NO ABNORMALITY. GVI OF ELEVATOR AND RUDDER C/O AS PER AMM TASK 05-23-30-200-005 AND 05-23-20-200-006 WITH RESULT SATISFACTORY,,,,,,,,,,,,,,,,
PK-PWD,,2022-08-12,,CGK,DPS,,PIREP,5,A320 LOAD REPORT 15 TRIGERRED AND PRINTED OUT CODE 7000. LANDING WAS NORMAL WITHOUT ANY ISSUE,REF AMM 05-51-11-200-004C PRINTED OUT WITH CODE 7XXX. NORMAL LANDING. NO ACTION NECESSARY,,,,,,,,,,,,,,,,
PK-PWD,,2022-08-12,,DPS,CGK,,PIREP,5,A320 LOAD REPORT (15) CODE 7000 TRIGERRED AND PRINTED OUT AGAIN. NORMAL LANDING WITHOUT ANY ISSUE,"REF AMM 05-51-11-200-004 C LOAD REPORT (15) WITH CODE 7000 INDICATE NORMAL LANDING AND NO MAINTENANCE ACTION IS NECESSARY, CHECK THE ACARS OUTPUT RULES REF AMM 31-36-00-740-085 BUT CODE 7000 NOT AVAIL. WILL BE IMPLEMENTED NEXT SOFTWARE DEVELOPMENT",,,,,,,,,,,,,,,,
PK-PWD,,2022-08-13,,,,,PIREP,5,LOAD REPORT (15) ON PFR,REF AMM 05-51-11-200-004 LOAD REPORT (15) ON PFR WITH CODE 7000 INDICATE NORMAL LANDING AND NO MAINTENANCE ACTION,,,,,,,,,,,,,,,,
PK-PWD,,2022-08-13,,,,,PIREP,5,FEEL VIBRATION ON EMERGENCY OVERWING WINDOW,"AFTER CHECK AND INSP FOUND WING SEAL PROFILE 192 DT FAIRING PANELS MISSING 80 INCH, SEAL TEAR OFF 30 INCH, SO REPLACE SEAL PROFILE OF WING AT FAIRING PANEL 192DT REF AMM 53-35-11 PB 401",,,,,,,,,,,,,,,,
PK-PWD,,2022-08-18,,,,,PIREP,5,LOAD REPORT (15) ON PFR,REF AMM 05-51-11-200-004 LOAD REPORT ON PFR WITH CODE 7000 INDICATE NORMAL LANDING AND NO MAINTENANCE ACTION,,,,,,,,,,,,,,,,
PK-PWD,,2022-08-18,,,,,PIREP,5,LOAD REPORT (15) ON PFR,REF AMM 05-51-11-200-004 LOAD REPORT ON PFR WITH CODE 7000 INDICATE NORMAL LANDING AND NO MAINTENANCE ACTION,,,,,,,,,,,,,,,,
PK-PWD,,2022-09-12,,,,,PIREP,32,HOT BRAKE INDICATION ON INITIAL CLIMB. BRAKE TEMP INDICATED 700 DEG-900 DEG CELCIUS FLUCTUATING AIRCRAFT RETURN TO BASE,CHECK ON PFR FOUND ECAM WARNING BRAKE HOT WITH FAILURE MSG: BRAKE TEMP SENSOR 3 (4GW)/BTMU (2GW). PERFORM T/S REF TSM 32-47-00-810-818. DO OPERATIONAL TEST OF BRAKE TEMP SENSOR RESULT WHEEL TEMP ALL 50 DEG CELCIUS,,,,,,,,,,,,,,,,
PK-PWD,,2022-09-20,,,,,PIREP,25,STOW TABLE HARD TO OPEN,AFTER CHECK FLAPER SLIDING TABLE WAS BROKEN D/T NIL SPARE INSERT TO HIL REF MEL 25-13-01 A CAT D,,,,,,,,,,,,,,,,
PK-PWD,,2022-09-20,,,,,PIREP,27,MAINTENANCE MSSG F/CTL,PFR CHECK FOUND MSG ELAC 2-COM SOURCE ECOS 1. PERFORM RESETED CB B 10 AND Q 20 AND RECYCLE PUSH BUTTON ELAC 2 MSG DISSAPEAR REF AMM 27-93-00-710-001,,,,,,,,,,,,,,,,
PK-PWD,,2022-09-20,,,,,PIREP,72,MAINTENANCE MSSG ENG#2 FADEC,"REF TSM 73-20-00-810-854 A PRINT OUT PFR WITH MESSAGE ""T25 SENSOR, J11, ECU ENG#2"" DO BITE TEST FROM ENG FADEC 2A, WITH NON MOTORING RESULT NO FAULT DETECTED",,,,,,,,,,,,,,,,
PK-PWD,,2022-08-05,,,,,,,,,0,0,0,0,0,1,1,1,,,,,,,,
PK-PWD,,2022-08-05,,,,,,,,,2,2,0,0,0,0,0,0,,,,,,,,
PK-PWD,,2022-08-08,,,,,,,,,6,6,0,5,4,0,0,0,,,,,,,,
PK-PWD,,2022-08-12,,,,,,,,,1,1,0,0,0,0,0,0,,,,,,,,
PK-PWD,,2022-08-12,,,,,,,,,2,2,1,0,0,0,2,0,,,,,,,,
PK-PWD,,2022-08-18,,,,,,,,,1,2,0,0,0,0,0,0,,,,,,,,
PK-PWD,,2022-08-20,,,,,,,,,1,1,0,0,0,0,0,0,,,,,,,,
PK-PWD,,2022-08-22,,,,,,,,,1,2,0,0,0,0,0,0,,,,,,,,
PK-PWD,,2022-08-23,,,,,,,,,1,1,0,0,0,0,0,0,,,,,,,,
PK-PWD,,2022-08-25,,,,,,,,,2,2,0,0,0,0,0,0,,,,,,,,
PK-PWD,,2022-08-27,,,,,,,,,1,1,0,0,0,0,0,0,,,,,,,,
PK-PWD,,2022-08-28,,,,,,,,,1,1,0,0,0,0,0,0,,,,,,,,
PK-PWD,,2022-08-28,,,,,,,,,1,2,0,0,0,0,0,0,,,,,,,,
PK-PWD,,2022-08-29,,,,,,,,,1,1,0,0,0,0,0,0,,,,,,,,
PK-PWD,,2022-09-01,,,,,,,,,1,1,0,0,0,0,0,0,,,,,,,,
PK-PWD,,2022-09-02,,,,,,,,,1,2,0,0,0,0,0,0,,,,,,,,
PK-PWD,,2022-09-03,,,,,,,,,1,1,0,0,0,0,0,0,,,,,,,,
PK-PWD,,2022-09-04,,,,,,,,,2,2,0,0,0,0,0,0,,,,,,,,
PK-PWD,,2022-09-05,,,,,,,,,1,1,0,0,0,0,0,0,,,,,,,,
PK-PWD,,2022-09-09,,,,,,,,,2,1,0,0,0,0,0,0,,,,,,,,
PK-PWD,,2022-09-11,,,,,,,,,1,3,0,0,0,0,0,0,,,,,,,,
PK-PWD,,2022-09-12,,,,,,,,,2,1,0,0,0,0,0,0,,,,,,,,
PK-PWD,,2022-09-13,,,,,,,,,1,0,0,0,0,0,0,0,,,,,,,,
PK-PWD,,2022-09-14,,,,,,,,,2,2,0,0,0,0,0,0,,,,,,,,
PK-PWD,,2022-09-15,,,,,,,,,1,1,0,0,0,0,0,0,,,,,,,,
PK-PWD,,2022-09-18,,,,,,,,,1,1,0,0,0,0,0,0,,,,,,,,
PK-PWD,,2022-09-19,,,,,,,,,2,2,0,0,0,0,0,0,,,,,,,,
PK-PWD,,2022-09-20,,,,,,,,,0,1,0,0,0,0,0,0,,,,,,,,
PK-PWD,,2022-09-21,,,,,,,,,0,2,2,0,0,0,0,0,,,,,,,,
PK-PWC,,2022-09-09,,,,,,,,,1,1,0,0,0,0,0,0,,,,,,,,
PK-PWC,,2022-09-10,,,,,,,,,1,1,0,0,0,0,0,0,,,,,,,,
PK-PWC,,2022-09-11,,,,,,,,,1,1,0,0,0,0,0,0,,,,,,,,
PK-PWA,,2022-08-07,,,,,,,,,3,3,0,0,2,0,0,0,,,,,,,,
PK-PWA,,2022-08-08,,,,,,,,,0,0,0,0,0,0,0,0,,,,,,,,
PK-PWA,,2022-08-08,,,,,,,,,1,1,0,0,0,0,0,0,,,,,,,,
PK-PWA,,2022-08-09,,,,,,,,,0,0,0,0,0,0,0,0,,,,,,,,
PK-PWA,,2022-08-09,,,,,,,,,1,2,0,0,0,0,0,0,,,,,,,,
PK-PWA,,2022-08-10,,,,,,,,,0,0,0,0,0,0,0,0,,,,,,,,
PK-PWA,,2022-08-10,,,,,,,,,1,1,0,0,0,0,0,0,,,,,,,,
PK-PWA,,2022-08-12,,,,,,,,,0,0,0,0,0,0,0,0,,,,,,,,
PK-PWA,,2022-08-12,,,,,,,,,1,1,0,0,0,0,0,0,,,,,,,,
PK-PWA,,2022-08-13,,,,,,,,,1,1,0,0,0,0,0,0,,,,,,,,
PK-PWA,,2022-08-14,,,,,,,,,1,2,1,0,0,0,0,0,,,,,,,,
PK-PWA,,2022-08-15,,,,,,,,,1,1,0,0,0,0,0,0,,,,,,,,
PK-PWA,,2022-08-16,,,,,,,,,1,2,0,0,0,0,0,0,,,,,,,,
PK-PWA,,2022-08-17,,,,,,,,,1,2,0,0,0,0,0,0,,,,,,,,
PK-PWA,,2022-08-19,,,,,,,,,1,2,0,1,0,0,0,0,,,,,,,,
PK-PWA,,2022-08-21,,,,,,,,,1,1,0,0,0,0,0,0,,,,,,,,
PK-PWA,,2022-08-23,,,,,,,,,2,2,0,0,0,0,0,0,,,,,,,,
PK-PWA,,2022-08-24,,,,,,,,,1,2,0,0,0,0,0,0,,,,,,,,
PK-PWA,,2022-08-26,,,,,,,,,2,2,0,0,0,0,0,0,,,,,,,,
PK-PWA,,2022-08-27,,,,,,,,,2,2,0,0,0,0,0,0,,,,,,,,
PK-PWA,,2022-09-06,,,,,,,,,2,1,0,0,0,0,0,8,,,,,,,,
PK-PWA,,2022-09-09,,,,,,,,,1,1,0,0,0,0,0,0,,,,,,,,
PK-PWA,,2022-09-17,,,,,,,,,1,0,0,0,0,0,0,0,,,,,,,,
PK-PWA,,2022-09-18,,,,,,,,,1,2,0,0,0,0,0,0,,,,,,,,
PK-PWA,,2022-09-19,,,,,,,,,1,1,0,0,0,0,0,0,,,,,,,,
PK-PWA,,2022-09-19,,,,,,,,,1,1,0,0,0,0,0,0,,,,,,,,
PK-PWA,,2022-09-20,,,,,,,,,2,1,0,0,0,0,0,0,,,,,,,,
PK-PWA,,2022-09-22,,,,,,,,,0,0,0,1,0,0,0,0,,,,,,,,
PK-PWA,,2022-09-22,,,,,,,,,2,1,0,0,0,0,0,0,,,,,,,,
PK-PWA,,2022-09-23,,,,,,,,,0,1,0,0,0,0,0,0,,,,,,,,
PK-PWA,,2022-09-24,,,,,,,,,1,0,0,0,0,0,0,0,,,,,,,,
PK-PWA,,2022-10-09,,,,,,,,,1,1,0,0,0,0,0,0,,,,,,,,
PK-PWA,,2022-10-10,,,,,,,,,1,1,0,0,0,0,0,0,,,,,,,,
PK-PWA,,2022-10-11,,,,,,,,,1,1,0,0,0,0,0,0,,,,,,,,
PK-PWA,,2022-10-13,,,,,,,,,1,1,0,0,0,0,0,0,,,,,,,,
PK-PWA,,2022-10-14,,,,,,,,,2,2,0,0,0,0,0,0,,,,,,,,
PK-PWA,,2022-10-18,,,,,,,,,2,1,0,0,0,0,0,0,,,,,,,,
PK-PWA,,2022-10-21,,,,,,,,,2,2,0,1,1,0,0,0,,,,,,,,
PK-PWA,,2022-10-22,,,,,,,,,1,0,0,1,0,0,0,0,,,,,,,,
PK-PWA,,2022-10-23,,,,,,,,,1,0,0,0,0,0,0,0,,,,,,,,
PK-PWA,,2022-10-24,,,,,,,,,1,2,0,0,0,0,0,0,,,,,,,,
PK-PWA,,2022-10-25,,,,,,,,,1,0,0,0,0,0,0,0,,,,,,,,
PK-PWA,,2022-10-27,,,,,,,,,2,1,0,0,0,0,0,0,,,,,,,,
PK-PWA,,2022-10-28,,,,,,,,,1,1,0,0,0,0,0,0,,,,,,,,
PK-PWA,,2022-10-29,,,,,,,,,2,1,0,0,0,0,0,0,,,,,,,,
PK-PWA,,2022-10-30,,,,,,,,,1,0,0,0,0,0,0,0,,,,,,,,
PK-PWA,,2022-10-31,,,,,,,,,1,2,0,0,0,0,0,0,,,,,,,,
PK-PWA,,2022-11-01,,,,,,,,,2,2,0,0,0,0,0,0,,,,,,,,
PK-PWA,,2022-11-02,,,,,,,,,1,1,1,0,0,0,0,0,,,,,,,,
PK-PWA,,2022-11-03,,,,,,,,,2,2,0,0,0,0,0,0,,,,,,,,
PK-PWA,,2022-11-04,,,,,,,,,1,1,0,0,0,0,0,0,,,,,,,,
PK-PWA,,2022-11-05,,,,,,,,,1,1,0,0,0,0,0,0,,,,,,,,
PK-PWA,,2022-11-06,,,,,,,,,1,1,0,0,0,0,0,0,,,,,,,,
PK-PWA,,2022-11-08,,,,,,,,,2,1,0,0,0,0,0,0,,,,,,,,
PK-PWA,,2022-11-09,,,,,,,,,1,1,0,0,0,0,0,0,,,,,,,,
PK-PWA,,2022-11-10,,,,,,,,,1,1,0,0,0,0,0,0,,,,,,,,
PK-PWA,,2022-11-11,,,,,,,,,2,1,0,0,0,0,0,0,,,,,,,,
PK-PWA,,2022-11-13,,,,,,,,,2,2,0,0,0,0,0,0,,,,,,,,
PK-PWA,,2022-11-15,,,,,,,,,2,1,0,0,0,0,0,0,,,,,,,,
PK-PWC,,2022-09-12,,,,,,,,,1,1,0,0,1,0,0,0,,,,,,,,
PK-PWC,,2022-09-14,,,,,,,,,2,2,0,0,0,0,0,0,,,,,,,,
PK-PWC,,2022-09-16,,,,,,,,,1,1,0,0,0,0,0,0,,,,,,,,
PK-PWC,,2022-09-17,,,,,,,,,1,1,0,0,0,0,0,0,,,,,,,,
PK-PWC,,2022-09-20,,,,,,,,,0,0,0,7,7,0,0,0,,,,,,,,
PK-PWC,,2022-09-21,,,,,,,,,1,1,0,0,0,0,0,0,,,,,,,,
PK-PWC,,2022-09-22,,,,,,,,,1,1,0,0,0,0,0,0,,,,,,,,
PK-PWC,,2022-09-23,,,,,,,,,1,1,0,0,0,0,0,0,,,,,,,,
PK-PWC,,2022-09-25,,,,,,,,,2,2,0,0,0,0,0,0,,,,,,,,
PK-PWC,,2022-09-26,,,,,,,,,1,1,0,0,0,0,0,0,,,,,,,,
PK-PWC,,2022-09-28,,,,,,,,,2,2,0,0,0,0,0,0,,,,,,,,
PK-PWC,,2022-09-30,,,,,,,,,2,2,0,0,0,0,0,0,,,,,,,,
PK-PWC,,2022-10-01,,,,,,,,,1,1,0,0,0,0,0,0,,,,,,,,
PK-PWC,,2022-10-02,,,,,,,,,1,1,0,0,0,0,0,0,,,,,,,,
PK-PWC,,2022-10-03,,,,,,,,,2,1,0,0,0,0,0,0,,,,,,,,
PK-PWC,,2022-10-05,,,,,,,,,1,1,0,0,0,0,0,0,,,,,,,,
PK-PWC,,2022-10-06,,,,,,,,,0,1,0,0,0,0,0,0,,,,,,,,
PK-PWC,,2022-10-07,,,,,,,,,0,1,0,0,0,0,0,0,,,,,,,,
PK-PWC,,2022-10-08,,,,,,,,,2,2,0,0,0,0,0,0,,,,,,,,
PK-PWC,,2022-10-09,,,,,,,,,1,0,0,0,0,0,0,0,,,,,,,,
PK-PWC,,2022-10-09,,,,,,,,,1,2,0,0,0,0,0,0,,,,,,,,
PK-PWC,,2022-10-12,,,,,,,,,1,1,0,0,0,0,0,0,,,,,,,,
PK-PWC,,2022-10-13,,,,,,,,,1,1,0,0,0,0,0,0,,,,,,,,
PK-PWC,,2022-10-14,,,,,,,,,2,2,0,0,0,0,0,0,,,,,,,,
PK-PWC,,2022-10-17,,,,,,,,,1,1,0,0,0,0,0,0,,,,,,,,
PK-PWC,,2022-10-19,,,,,,,,,2,2,0,0,0,0,0,0,,,,,,,,
PK-PWC,,2022-10-20,,,,,,,,,1,0,0,0,0,0,0,0,,,,,,,,
PK-PWC,,2022-10-21,,,,,,,,,1,0,0,0,0,0,0,0,,,,,,,,
PK-PWC,,2022-10-23,,,,,,,,,2,2,0,0,0,0,0,0,,,,,,,,
PK-PWC,,2022-10-24,,,,,,,,,0,1,0,0,0,0,0,0,,,,,,,,
PK-PWC,,2022-10-28,,,,,,,,,1,2,0,0,0,0,0,0,,,,,,,,
PK-PWC,,2022-10-29,,,,,,,,,1,1,0,0,0,0,0,0,,,,,,,,
PK-PWC,,2022-10-30,,,,,,,,,2,2,0,0,0,0,0,0,,,,,,,,
PK-PWC,,2022-11-01,,,,,,,,,2,2,0,0,1,0,0,0,,,,,,,,
PK-PWD,,2022-09-23,,,,,,,,,2,1,0,0,0,0,0,0,,,,,,,,
PK-PWD,,2022-09-24,,,,,,,,,2,2,0,0,0,0,0,0,,,,,,,,
PK-PWD,,2022-09-25,,,,,,,,,1,1,0,0,0,0,0,0,,,,,,,,
PK-PWD,,2022-09-26,,,,,,,,,2,2,0,0,0,0,0,0,,,,,,,,
PK-PWD,,2022-09-27,,,,,,,,,2,2,0,0,0,0,0,0,,,,,,,,
PK-PWD,,2022-09-28,,,,,,,,,1,1,0,0,0,0,0,0,,,,,,,,
PK-PWD,,2022-09-30,,,,,,,,,1,1,0,0,0,0,0,0,,,,,,,,
PK-PWD,,2022-10-01,,,,,,,,,1,1,0,0,0,0,0,0,,,,,,,,
PK-PWD,,2022-10-02,,,,,,,,,1,2,0,0,0,0,0,0,,,,,,,,
PK-PWD,,2022-10-04,,,,,,,,,2,1,0,0,0,0,0,0,,,,,,,,
PK-PWD,,2022-10-07,,,,,,,,,0,1,0,0,0,0,0,0,,,,,,,,
PK-PWD,,2022-10-09,,,,,,,,,2,2,0,0,0,0,0,0,,,,,,,,
PK-PWD,,2022-10-10,,,,,,,,,1,1,0,0,0,0,0,0,,,,,,,,
PK-PWD,,2022-10-12,,,,,,,,,1,1,0,0,0,0,0,0,,,,,,,,
PK-PWD,,2022-10-12,,,,,,,,,1,1,0,0,0,0,0,0,,,,,,,,
PK-PWD,,2022-10-21,,,,,,,,,1,0,0,0,0,0,0,0,,,,,,,,
PK-PWD,,2022-10-22,,,,,,,,,2,1,0,0,0,0,0,0,,,,,,,,
PK-PWD,,2022-10-23,,,,,,,,,1,1,0,0,0,0,0,0,,,,,,,,
PK-PWD,,2022-10-24,,,,,,,,,2,2,0,0,0,0,0,0,,,,,,,,
PK-PWD,,2022-10-26,,,,,,,,,1,2,0,0,0,0,0,0,,,,,,,,
PK-PWD,,2022-10-27,,,,,,,,,1,1,0,0,0,0,0,0,,,,,,,,
PK-PWD,,2022-10-28,,,,,,,,,1,1,0,0,0,0,0,0,,,,,,,,
